23,68,6,1055,4.6,11.6,3.2,8.4,1.4,3.2,1.5,1.7,0.6,2.3,2.9,1.4,1.3,0.3,1.1,3.9,13.9,FALSE
26,38,1,558,4.5,11,2.4,5.8,2.1,5.2,2.9,3.9,1.3,6.1,7.4,1.2,0.9,1,1.4,4.3,14.3,FALSE
26,6,0,48,3.7,12.7,0.7,5.2,3,7.5,1.5,2.3,1.5,4.5,6,0,0,0,1.5,6.8,9.7,FALSE
26,32,1,510,4.6,10.8,2.5,5.9,2,4.9,3,4,1.3,6.3,7.6,1.3,1,1.1,1.3,4.1,14.8,FALSE
23,80,80,2389,5.6,9.9,0,0,5.6,9.9,2.4,3.9,4.2,5,9.2,1.3,1.3,1.2,2.2,2.9,13.6,TRUE
31,61,45,1580,4.2,9.6,1.4,3.4,2.8,6.1,1.9,2.1,0.2,2.6,2.8,1.8,0.5,0.1,1,2.4,11.7,FALSE
28,39,15,584,5.5,11,0,0.2,5.5,10.7,1.8,2.5,2.8,8.1,10.9,0.7,1.2,1.4,1.9,4.7,12.8,FALSE
28,62,0,531,3.1,5.8,0,0,3.1,5.8,1,1.5,3.5,7.3,10.7,1.7,1.7,1.6,1.2,5.8,7.1,FALSE
31,72,72,2335,7.7,16.2,0.4,0.9,7.4,15.3,3.4,4.2,2.7,5.4,8.1,2.1,0.7,1.4,1.5,2.4,19.2,TRUE
27,61,5,871,3.2,6.9,0,0,3.2,6.9,1,1.4,4.3,4.7,9.1,2.4,0.7,1,1.2,3.2,7.3,FALSE
35,71,66,1914,5.2,11.2,0.3,1,4.9,10.2,1.5,2.4,3.1,4.2,7.4,1.8,2.2,0.5,1.9,3.3,12.1,FALSE
26,61,25,1773,3.7,9.5,1.4,4.3,2.3,5.2,1.9,2.8,1.6,7.6,9.2,2,1.2,0.9,1.9,2.1,10.8,FALSE
38,12,0,114,2.8,6.9,0,0.9,2.8,6,3.2,4.4,2.8,6.9,9.8,1.6,1.6,2.2,1.6,6.3,8.8,FALSE
34,30,0,308,3.5,9.4,1.6,5.1,1.9,4.2,1.4,1.9,0.4,2.5,2.8,1.3,0.4,0,0.8,4.1,10.1,FALSE
23,75,10,1228,5.5,12.9,1.7,5.7,3.8,7.2,3,3.8,2,5.2,7.2,1.9,1.2,0.7,1.9,3.2,15.6,FALSE
23,51,2,710,5.6,14,1.9,6.2,3.8,7.9,3.5,4.5,2,5.6,7.6,1.6,1.4,0.8,2,3.2,16.7,FALSE
23,24,8,518,5.2,11.3,1.5,5,3.8,6.3,2.2,2.8,2.1,4.6,6.7,2.4,0.9,0.5,1.8,3.1,14.1,FALSE
23,72,14,1020,3.3,7.4,0.5,1.4,2.8,6,1.6,2,1.2,6.2,7.3,3.2,1.8,0.9,1.4,2.2,8.7,FALSE
28,72,72,2116,5.5,13.2,3.5,8.6,2,4.5,2.2,2.6,1.9,3.7,5.6,1.2,0.5,0.2,0.9,2.4,16.7,FALSE
22,80,80,2845,8.3,15.9,0.6,2.3,7.7,13.7,6,7.7,1.8,7.1,8.9,5.5,1.7,1.9,3,3.1,23.2,TRUE
32,74,74,2538,8.5,19.7,2.1,6,6.4,13.7,4.3,5.2,0.9,5.3,6.2,3,0.9,0.5,2.2,2.8,23.5,TRUE
34,19,0,122,3,4.7,0,0,3,4.7,1.5,2.4,2.4,6.8,9.1,0.9,0.6,1.8,1.2,3.2,7.4,FALSE
31,80,80,2773,4.2,10.4,2.5,7.2,1.8,3.2,1.2,1.6,0.7,5.2,5.9,2.3,1.9,0.3,0.9,1.7,12.2,FALSE
28,41,7,639,5.4,12.1,3,6.6,2.4,5.5,1.1,1.2,1.4,4.9,6.3,2.4,1.1,1.2,2,4.3,14.8,FALSE
30,31,19,482,2.3,4.9,0,0,2.3,4.9,1.7,2.9,3.6,8.6,12.2,1.1,0.4,0.7,1,3.8,6.3,FALSE
29,78,20,1538,4.6,12.1,2.2,6.4,2.3,5.7,3.1,3.8,0.4,2.4,2.7,4.9,0.7,0,2.1,2.4,14.4,FALSE
27,68,55,1065,3.8,9.5,2.9,7.1,0.9,2.4,0.4,0.5,0.4,4.4,4.8,1.2,0.7,0.4,0.8,4,11,FALSE
23,52,13,857,3.4,9.1,1,3.6,2.5,5.5,1.2,1.8,0.5,3.6,4.1,4.5,1.4,0.3,2.4,3.1,9,FALSE
20,33,1,405,3.2,10.2,0.3,2,2.9,8.3,2.8,3.3,1,3.1,4.1,5.4,1.6,0.6,3.5,3.6,9.4,FALSE
34,67,0,963,6.4,14.7,1.3,3.7,5.1,11,1.5,1.7,0.6,3.3,3.9,3,1.2,0.3,1.8,3.1,15.7,FALSE
32,35,6,771,6.6,16,2.5,6.9,4.2,9.1,2.1,2.4,0.4,3.5,3.9,9,0.7,0,2.9,1.4,17.8,TRUE
24,79,79,2803,7.7,16.4,1,2.9,6.7,13.6,3.1,3.6,1.2,3.9,5.1,1.5,0.8,0.2,1.3,1.6,19.5,TRUE
36,74,18,1777,3.7,9.6,1.8,5.3,2,4.3,1.4,1.8,1.4,6.4,7.8,4,1,0.5,2.2,3.7,10.7,FALSE
36,54,13,1367,3.9,10.1,1.8,5.6,2.1,4.5,1.3,1.7,1.4,6.3,7.7,4,0.9,0.4,2.2,3.6,10.9,FALSE
36,20,5,410,3.3,7.9,1.6,4.6,1.8,3.3,1.8,2,1.3,6.7,8,4,1.1,0.8,2.1,4.1,10,FALSE
26,60,19,1705,6.2,14.1,1.8,5,4.4,9.1,3,4,1.2,4.2,5.5,4.3,1,0.6,2,2.3,17.3,TRUE
31,52,0,577,6.7,11.6,0.1,0.2,6.6,11.4,4.8,5.5,2.7,5.4,8,1.3,0.9,0.7,1.8,2.8,18.2,TRUE
28,77,77,2617,5.4,13.4,1.9,5.6,3.5,7.8,3.3,3.9,0.6,6,6.6,6.3,1.2,0.4,2.7,1.5,16,TRUE
28,3,1,71,5.6,16.2,1,2.5,4.6,13.7,4.6,5.1,1.5,4.6,6.1,6.6,0,0,4.6,2,16.7,FALSE
30,75,2,1163,4.4,8.6,0,0,4.4,8.6,2.4,2.9,3.4,6.9,10.3,1,0.5,1.2,1.5,5.1,11.3,FALSE
27,73,64,1963,5.4,13.2,1.7,4.9,3.7,8.3,2.2,3.1,0.8,3.4,4.2,3.2,1.7,1,2.3,3,14.7,FALSE
23,77,77,2684,8.5,17.7,3,7.4,5.6,10.3,3.8,4.6,0.7,2.5,3.2,3.6,1.1,0.3,2.1,2.3,23.9,TRUE
20,22,1,165,7.2,15.9,2,6.1,5.2,9.8,1.7,2.2,1.1,2.6,3.7,2.4,1.5,0,1.7,2.2,18.1,FALSE
28,56,6,935,8.3,15.6,0.7,1.7,7.6,14,3,4,1.5,5.9,7.4,2,1,1,2.5,3.5,20.3,TRUE
30,74,0,1778,5.3,12.5,2.1,5.7,3.3,6.7,3,3.4,0.3,3.3,3.6,3,0.9,0.2,1.4,1.8,15.8,FALSE
22,38,1,371,4.6,9.5,0.1,1.7,4.5,7.8,0.6,1.6,1.4,4.4,5.7,2.7,0.8,0.5,1.6,2,9.8,FALSE
19,43,0,574,3.6,10.1,1.8,6.3,1.8,3.8,0.3,0.7,1.4,5,6.5,1.4,0.6,1.4,2,4.6,9.2,FALSE
23,23,1,264,5.2,12.5,1.8,6.5,3.4,6,3.5,4.9,3.4,7.2,10.6,1.6,0.7,0.4,1.6,2.5,15.7,FALSE
21,3,0,10,0,10.8,0,3.6,0,7.2,0,0,0,7.2,7.2,0,0,0,3.6,3.6,0,FALSE
24,67,6,808,4.6,10.4,3.1,7.7,1.5,2.7,1.2,1.5,1,3.4,4.4,2,0.9,1.2,1.4,3.3,13.5,FALSE
28,67,67,2058,4,9.5,1.9,5,2.1,4.5,1.3,1.7,1.7,5.2,6.9,4.9,1.7,0.4,1.7,3.9,11.2,FALSE
24,81,27,1793,3.6,6.8,0,0,3.6,6.8,2.5,4.7,3.2,8.2,11.4,1.5,0.5,1.8,1.9,4.1,9.7,FALSE
28,65,1,1190,4.6,10.8,1.7,5.4,2.9,5.4,1.4,1.8,1.7,5.7,7.4,2.4,1.2,0.6,1.8,4.7,12.2,FALSE
25,67,16,1091,4.9,9.7,0,0.1,4.9,9.6,2.7,3.6,4.8,6.6,11.3,1.3,1,1.5,1.9,5.7,12.6,FALSE
27,66,66,2176,7.4,17.1,1.7,5.1,5.7,12,6.4,7.6,0.9,4.4,5.3,6.9,1.5,0.5,3.7,2.7,23,TRUE
27,81,54,2083,6.5,14.6,2.5,6.8,4,7.8,3.8,4.2,0.6,4.1,4.8,1.9,0.6,0.1,2.3,2.5,19.2,FALSE
27,55,54,1482,6.5,14.8,2.4,6.7,4.1,8.1,3.5,4.1,0.6,4.2,4.8,2.2,0.6,0.1,2.3,2.4,19,FALSE
27,26,0,601,6.4,14,2.7,6.9,3.7,7.1,4.3,4.6,0.8,4,4.8,1.3,0.6,0.2,2.3,2.8,19.8,FALSE
32,27,21,583,2.3,5,0,0.1,2.3,4.9,0.2,0.7,3.5,10,13.5,3,0.8,1.5,2.7,5.3,4.9,FALSE
32,26,21,582,2.4,5,0,0.1,2.4,4.9,0.2,0.7,3.5,10,13.5,3,0.8,1.5,2.7,5.2,4.9,FALSE
32,1,0,1,0,0,0,0,0,0,0,0,0,0,0,0,0,0,0,72,0,FALSE
23,12,0,53,6.1,10.9,0.7,2.7,5.4,8.2,2,4.1,2.7,8.8,11.5,1.4,0.7,1.4,1.4,0.7,14.9,TRUE
20,78,78,2730,8,18.9,1.9,5.3,6.1,13.5,4.8,5.8,0.6,2.7,3.3,3.5,0.9,0.3,3.2,3.2,22.8,FALSE
29,71,43,1754,6.3,12.1,0.5,1.6,5.7,10.5,1.5,2.3,2.9,8.8,11.7,2.8,1.5,0.6,2.6,3.1,14.6,TRUE
26,55,55,1835,7,15.2,2.1,5.4,4.9,9.8,1.3,1.8,1.3,5.3,6.6,2.4,1.3,0.2,1.7,2.8,17.5,FALSE
30,82,11,1281,4.1,9.8,0.8,3.3,3.4,6.5,1.4,1.9,0.9,3.8,4.7,2.7,1.7,0.6,1.5,3.7,10.4,FALSE
30,58,8,923,3.7,8.9,0.9,3.7,2.8,5.2,1.2,1.7,0.8,3.6,4.4,2.4,1.4,0.5,1.4,4.1,9.4,FALSE
30,24,3,358,5.3,12.2,0.5,2.4,4.8,9.8,1.8,2.4,1.1,4.1,5.2,3.6,2.4,0.8,1.9,2.9,13,FALSE
24,75,28,1982,5.3,11.5,1.4,3.5,3.9,8,2,2.3,0.9,3,3.9,5.8,1.5,0.2,2.1,2.5,13.9,FALSE
32,65,0,894,4.9,12.1,1.9,5.2,2.9,6.9,1.3,1.6,0.7,2.1,2.8,5,1,0.4,2.7,3.7,13,FALSE
24,11,0,159,4.1,11.3,1.6,6.1,2.5,5.2,0,0,1.8,5.7,7.5,1.8,1.1,0.2,1.4,3.4,9.7,FALSE
24,9,0,143,3.5,10.3,1.5,6,2,4.3,0,0,1.5,5,6.5,1.5,1.3,0.3,1.3,3.3,8.6,FALSE
24,2,0,16,9,20.3,2.3,6.8,6.8,13.5,0,0,4.5,11.3,15.8,4.5,0,0,2.3,4.5,20.3,TRUE
32,25,0,123,6.7,17.6,4.1,10.2,2.6,7.3,0.6,0.6,0,1.8,1.8,4.1,0.3,0,1.5,1.5,18.1,FALSE
20,78,20,1341,5.2,11.4,1.2,3.6,3.9,7.7,2.3,3.3,1.2,4.7,5.9,1.7,0.9,0.5,1.8,3.8,13.8,FALSE
23,54,2,521,3.6,9.7,2,6.6,1.6,3.2,1.2,1.5,1.8,4.8,6.6,3.2,1.2,0.6,1.8,3,10.4,FALSE
25,31,5,467,4.2,9.9,2.2,5.6,2,4.2,0.4,0.5,1,3.9,4.9,2.2,1.4,0.2,0.8,1.7,10.9,FALSE
24,57,0,703,5.9,13.1,1.6,3.6,4.4,9.5,1.1,1.5,0.4,2,2.4,5.1,0.6,0.3,2.5,2.8,14.6,FALSE
25,42,0,653,5.5,13.7,1.4,4.2,4.1,9.5,3.3,4.3,0.9,5.7,6.6,1.7,1,0.3,1.9,2.8,15.6,FALSE
27,76,75,2809,7.3,16,1.2,3.2,6.1,12.9,7.5,8.7,1.7,4.4,6,5.3,1.8,0.4,2,1.4,23.3,TRUE
21,9,0,40,5.4,14.4,1.8,5.4,3.6,9,0,0,4.5,4.5,9,3.6,1.8,0.9,1.8,3.6,12.6,FALSE
35,41,13,539,3.7,8.9,1.3,4.3,2.3,4.7,0.7,0.8,1,3.9,4.9,5.9,0.7,0.1,2.7,2.4,9.4,FALSE
35,24,11,292,3.9,9.5,1.5,4.2,2.5,5.3,0.5,0.5,1,4.2,5.2,6.3,0.9,0.1,3.2,2.7,9.9,FALSE
35,17,2,247,3.4,8.3,1.2,4.4,2.2,3.9,1,1.2,1,3.6,4.7,5.4,0.6,0,2.2,2,8.9,FALSE
23,76,75,2529,5.3,13.2,2.2,6.2,3.1,7,2.2,2.6,0.8,2.7,3.5,2.7,1.3,0.2,1.2,1.7,14.9,FALSE
25,39,0,592,3.8,10.5,1.5,5.7,2.3,4.8,1.8,2,0.4,2.7,3,2.3,1.3,0.1,1.3,2.1,11,FALSE
22,65,59,1551,8.4,13.1,0,0,8.4,13.1,2.2,4.1,4.1,8.1,12.2,1.5,0.8,1.8,2,4.2,19,TRUE
30,72,72,1882,4.2,10.5,2.1,6.1,2.1,4.4,1.7,2.2,1.2,4.1,5.3,1.4,1.5,0.5,1,2.7,12.2,FALSE
40,73,15,1799,3.9,9.8,2.2,5.9,1.6,3.9,1.8,2.3,0.7,3.8,4.5,2.7,1.2,0.7,1,3.3,11.7,FALSE
25,45,19,846,4.8,13,0.6,2.7,4.1,10.3,2.5,3.3,1,5.5,6.5,4.8,1.6,1,2.8,4.3,12.6,FALSE
28,36,2,643,4.3,9.2,0.8,2.4,3.5,6.8,1,1.6,1.5,4.8,6.3,2.1,1.3,0.2,1.6,2.8,10.4,FALSE
28,22,2,397,4.8,10.6,1,2.6,3.8,8,1.1,1.9,1.8,6.3,8.2,2.4,0.9,0.1,1.5,2.1,11.7,FALSE
28,1,0,24,7.5,13.5,3,6,4.5,7.5,0,0,1.5,1.5,3,0,0,0,3,4.5,18,FALSE
28,13,0,222,3.1,6.2,0.3,1.6,2.8,4.5,0.8,1.3,1,2.3,3.2,1.8,2.1,0.3,1.6,3.9,7.3,FALSE
23,75,21,1421,6.5,12.2,0,0.1,6.5,12.1,2.6,3.8,2.2,6.4,8.6,2,1.3,1.1,1.7,3.7,15.5,TRUE
34,47,46,1298,4.2,6.3,0,0,4.2,6.3,2.5,3.4,4.2,10.7,14.9,0.8,0.9,0.7,1.8,3.5,11,TRUE
29,71,33,2197,7.1,15.4,1.8,5.3,5.3,10,2.3,3.2,1.7,5.8,7.5,2.3,0.8,0.5,1.9,2.8,18.3,FALSE
19,82,75,1743,5.9,13.1,1.5,4.6,4.4,8.4,2.3,3.7,2,5.2,7.2,1.2,1.4,1.4,2.2,5.4,15.6,FALSE
25,29,0,219,3.1,7.1,0,0,3.1,7.1,3.5,4.8,4.3,4.9,9.2,0.7,0.5,1,1.3,6.1,9.7,FALSE
24,64,1,973,2.8,8.3,0.4,2.3,2.4,5.9,0.6,1.1,0.7,2.5,3.2,4.8,1,0.3,1.6,2.9,6.8,FALSE
25,77,0,1137,6.7,13.7,1.9,5.2,4.7,8.5,1.4,1.8,0.7,3.1,3.8,2.8,1.2,0.3,1.7,2.4,16.7,FALSE
24,82,19,2397,7.2,16.1,1.8,5.3,5.4,10.7,2,2.5,0.7,3,3.7,3.2,1.3,0.1,2.5,2.3,18.1,FALSE
28,13,0,125,4.6,15,0.9,3.7,3.7,11.2,2.3,2.9,0,3.2,3.2,4,2.3,0,2,5.2,12.4,FALSE
29,68,64,2063,5.9,12.5,1.3,3.1,4.7,9.4,2.6,3,0.4,2.3,2.7,5.4,1.2,0.2,2,2.1,15.7,TRUE
36,20,0,128,3.9,6.5,0,0.3,3.9,6.2,1.4,2.3,2.5,6.2,8.7,3.4,0.6,0.6,1.1,4.8,9.3,FALSE
29,69,68,2292,7.3,15.8,2.7,6.6,4.6,9.3,5,5.8,0.5,3.3,3.8,6.8,1.4,0.3,2.5,2,22.2,TRUE
24,39,1,316,4.2,8.2,1.9,3.8,2.3,4.4,0.8,1,1.1,4.8,5.9,3.2,0.7,0.2,1.9,2.6,11.2,FALSE
23,14,0,188,6.3,12.6,2.1,5,4.2,7.7,0.4,1,0.2,1.1,1.3,5,0.8,0,2.5,2.5,15.1,FALSE
23,5,0,77,5.1,11.7,2.3,6.5,2.8,5.1,0,0.9,0,1.4,1.4,5.6,0.5,0,3.7,2.8,12.6,FALSE
23,9,0,111,7.1,13.3,1.9,3.9,5.2,9.4,0.6,1,0.3,1,1.3,4.5,1,0,1.6,2.3,16.9,TRUE
26,72,72,2465,9.4,20.9,1.9,5.3,7.5,15.6,7.6,9.8,2.2,9.4,11.6,4.8,1.5,1.4,3.9,4.1,28.4,TRUE
26,55,55,1891,9.6,21.3,1.8,5.1,7.8,16.2,8.1,10.5,2.2,8.9,11.1,5.1,1.4,1.4,3.9,3.9,29.1,TRUE
26,17,17,574,8.9,19.7,2.3,6,6.6,13.7,5.9,7.6,2.3,10.9,13.2,4.1,1.6,1.2,3.9,4.7,26,TRUE
26,67,67,2119,5,12.4,2.3,7,2.6,5.4,2.4,3,1.6,5.8,7.4,1.7,2.2,1.2,2.2,3.4,14.7,FALSE
24,79,7,2254,4.8,10.3,2.1,4.8,2.7,5.5,1.7,2,0.3,3.3,3.6,1.5,0.9,0.3,1,2.7,13.5,FALSE
36,82,1,2157,6,14.5,1.9,5.4,4.1,9.1,2.9,3.4,0.3,1.9,2.2,3.6,1,0.2,2.2,1.9,16.8,FALSE
28,19,0,442,8.6,17.8,3,7.7,5.5,10,1.6,2.1,0.3,2.4,2.8,4.6,0.9,0.2,2,2.4,21.7,TRUE
26,72,72,2335,5.1,11.1,2.4,6.1,2.7,5,2.7,3.3,0.7,5.7,6.4,2.4,1.1,0.4,1.2,2.5,15.4,FALSE
29,66,35,1649,3.8,7.8,1.6,4,2.2,3.9,0.3,0.6,1.2,4.8,6,0.8,0.9,0.6,0.6,2.2,9.5,FALSE
26,70,42,2029,6,12.5,2.4,5.7,3.6,6.8,1.5,1.8,0.4,2.7,3.2,3.4,1.4,0.1,1.6,2.2,15.9,TRUE
28,79,79,2638,9.2,19.7,4.4,10.8,4.8,8.9,4.4,4.9,0.8,4,4.8,7.2,1.9,0.2,3.3,2.5,27.3,TRUE
25,67,3,1183,5.6,15.1,4.2,10.8,1.4,4.3,1.3,1.6,0.7,2.4,3,1.4,0.6,0.1,1.4,2.7,16.8,FALSE
23,75,75,2708,10.2,20.3,0.5,1.8,9.7,18.5,6.9,8.6,2.3,9.5,11.8,2.1,1.2,2.2,2.4,2.2,27.9,TRUE
20,36,0,238,3.6,7.1,0,0,3.6,7.1,1.5,2.7,3,6.1,9.1,0.3,0.5,2.6,1.2,6.1,8.8,FALSE
27,46,12,789,3.4,6.5,0,0,3.4,6.5,2.3,3.7,4.4,6.8,11.1,1.2,0.7,1,1.7,6.3,9.1,FALSE
27,76,37,1330,4.4,7,0,0,4.4,7,1.8,2.5,3.5,9.9,13.4,1.2,1,1.7,1.7,4.9,10.5,TRUE
22,77,2,1419,5.2,10.9,1.5,4.7,3.6,6.1,1,1.7,2.4,4.8,7.2,1.9,1,0.5,1,2.1,12.8,FALSE
27,73,2,1248,4.2,11.2,0.7,3.2,3.4,8,2.2,2.7,0.3,3.3,3.5,5.6,1.1,0,2.7,3.2,11.3,FALSE
26,76,54,1986,3.8,9.7,1.4,3.9,2.3,5.8,1.5,1.7,0.4,2.2,2.7,6.5,1,0,2.4,2.8,10.5,FALSE
31,56,49,1486,4,10.3,1.2,4,2.7,6.3,1.1,1.5,1.5,5.6,7.1,1.8,1.2,0.5,1,1.5,10.3,FALSE
27,74,74,2620,9.9,21.2,0.5,1.7,9.5,19.5,7.5,8.9,1,4.3,5.3,4,1.1,0.2,2.5,1.8,27.8,TRUE
20,17,0,199,6.5,13.7,0,0,6.5,13.7,2.7,3.8,4.2,9,13.2,0.7,0.7,1.3,1.3,3.1,15.7,TRUE
34,73,33,1283,4.1,9.2,0.6,2.3,3.5,6.9,0.7,1,1.3,3.1,4.4,4.8,0.5,0.3,2.4,2.3,9.5,FALSE
27,82,82,2653,4.5,9,0.2,0.6,4.3,8.4,1.8,2.3,2.6,6.2,8.8,2.1,1.2,1.3,1.5,3.4,11.1,FALSE
23,59,18,1334,3.6,8.1,1,2.7,2.6,5.4,3.4,4.3,0.7,3.7,4.4,5,1.2,0.6,1.8,3.2,11.7,FALSE
30,24,0,394,3.9,10.7,0.6,3.8,3.3,6.9,2.2,2.6,1.2,4.4,5.6,5.1,1.6,0.5,1.9,4.6,10.7,FALSE
30,73,73,2459,7.8,16.5,1.7,4.2,6.1,12.2,4.4,5.5,0.9,3.2,4.1,6.2,1.3,0.2,3.1,2.9,21.7,TRUE
23,81,81,2409,7.2,13.6,0,0.1,7.2,13.5,2,5.3,5.2,11.5,16.7,1.3,1.9,1.3,2.3,3.5,16.5,TRUE
31,64,7,1362,4.1,9.1,2,5.4,2.1,3.8,1.1,1.7,0.8,5.1,5.9,3.2,1.1,0.4,1.9,4.1,11.5,FALSE
36,53,2,841,4,9.4,2.3,5.7,1.7,3.7,1.5,1.9,0.8,4.2,4.9,2.1,0.6,0.3,1.2,2.9,11.8,FALSE
36,23,2,366,3.5,8.9,2,5.6,1.6,3.2,1.4,1.9,0.5,4.1,4.6,2,0.6,0.2,1.4,3.1,10.4,FALSE
36,30,0,475,4.3,9.9,2.5,5.8,1.8,4,1.7,2,1,4.2,5.2,2.3,0.7,0.4,1.1,2.7,12.8,FALSE
22,78,7,1333,3.2,8.5,0.6,2,2.6,6.5,1,1.6,0.6,3.8,4.5,5.1,2.1,1,2.4,4.8,7.9,FALSE
28,62,62,2070,9.6,17.8,2,5.4,7.5,12.4,5.8,6.7,0.7,8.2,8.9,5.2,1.1,1.7,2.4,2,27,TRUE
25,5,0,62,3.5,11,2.3,9.3,1.2,1.7,4.6,5.2,0.6,3.5,4.1,0,0.6,0,0.6,0.6,13.9,FALSE
20,19,2,146,5.7,15.8,2.5,8.6,3.2,7.2,1,2,2,8.1,10.1,1.7,0.2,0.2,3.5,1.5,14.8,FALSE
29,62,13,1500,5.5,13.3,3.6,9.5,2,3.9,0.9,1,0.4,2.7,3.2,1.7,0.8,0.1,0.7,1.7,15.6,FALSE
31,74,33,1998,4.5,10,0.8,2.4,3.7,7.6,1.7,2.3,0.3,3.3,3.7,4.3,1.4,0.5,2.4,2.7,11.4,FALSE
22,31,31,786,9.2,19.6,1.6,4.5,7.5,15.2,8.7,11.2,2.8,8.3,11.1,3,1.2,3.5,5.4,5.1,28.7,TRUE
26,64,28,1501,3.5,7.7,1.2,3.3,2.3,4.4,2.1,2.6,1.7,4.6,6.2,1.5,1.1,0.5,1.4,4,10.3,FALSE
22,53,2,588,5.5,12.7,1.7,4.3,3.9,8.4,1.3,1.5,0.6,2.2,2.8,5.3,1.5,0.1,2.8,3.6,14,FALSE
22,31,0,196,4.6,11.8,1.1,2.9,3.5,8.8,0.4,0.6,0.7,2.8,3.5,6.2,1.1,0,4.4,5.3,10.7,FALSE
22,22,2,392,6,13.2,1.9,5,4,8.3,1.7,2,0.5,1.9,2.4,4.8,1.7,0.2,1.9,2.7,15.6,FALSE
27,40,6,788,6.9,16.9,1.9,5.4,4.9,11.5,3.2,4.2,0.6,5.7,6.3,5.7,1.6,0.4,2.8,2.7,18.8,TRUE
27,26,0,474,6.9,17.2,1.6,5.3,5.3,11.9,3.4,4.4,0.5,6.1,6.5,6.9,1.7,0.3,3,3.1,18.8,TRUE
27,14,6,314,6.8,16.4,2.4,5.5,4.4,10.9,2.8,3.9,0.8,5,5.8,3.8,1.4,0.6,2.5,2.2,18.7,FALSE
21,66,26,1228,4.5,10.6,1.3,4.4,3.3,6.3,1.7,2.1,0.9,3,3.9,3.3,0.6,0.4,2.3,4.3,12.1,FALSE
27,61,34,1296,6.3,11.6,0,0.2,6.3,11.4,3.6,5.2,5.1,7.7,12.8,1.5,1.2,1.1,1.6,3.4,16.3,TRUE
30,2,0,35,4.1,12.3,4.1,9.3,0,3.1,0,0,1,2.1,3.1,9.3,2.1,0,3.1,1,12.3,FALSE
25,50,39,1186,6.2,12.7,0.1,0.3,6.1,12.4,2,3.3,2.8,6.5,9.3,1.7,1.4,1.2,1.8,3.1,14.4,TRUE
21,42,0,386,5.8,14.7,0.7,2.1,5.1,12.7,3.3,4.6,0.3,3.5,3.8,5.4,1.7,0.7,2.8,3.5,15.5,FALSE
24,66,0,1040,4.4,7.7,0,0,4.4,7.7,2.1,3.2,4.3,6.5,10.8,1.4,0.9,0.6,1.1,3.8,10.9,TRUE
32,80,11,1700,4.7,10.9,1,3,3.7,7.8,1.1,1.4,0.7,3.9,4.6,4,1.4,0.5,1.8,2.6,11.4,FALSE
23,46,29,1197,4.8,11.8,2,5.3,2.8,6.6,2.2,2.7,0.6,2.7,3.3,5.2,1.3,0.3,2.1,2.7,13.9,FALSE
23,10,0,151,4.3,11.7,1.9,6.4,2.4,5.2,2.4,3.8,1,1.9,2.9,4.1,0.5,0.5,3.3,2.6,12.9,FALSE
23,36,29,1046,4.9,11.9,2.1,5.1,2.8,6.7,2.2,2.5,0.6,2.9,3.4,5.3,1.4,0.2,1.9,2.7,14,FALSE
23,81,35,1642,2.7,7.3,1.2,4.2,1.5,3.1,1,1.3,1.2,3.7,4.9,1.5,1.1,0.5,1,2.7,7.7,FALSE
23,36,0,285,4.5,12.5,2.1,6.7,2.4,5.8,0.6,0.8,0.3,2.7,2.9,2.9,0.1,0,1.4,2.5,11.9,FALSE
24,68,66,2234,6.6,15,2.1,5.8,4.5,9.2,3.6,4.5,0.7,2.7,3.4,3.3,1.1,0.1,2.3,2.9,18.8,FALSE
33,69,40,1284,3.3,9.1,1.9,5.7,1.4,3.4,1.5,1.8,0.3,4.1,4.3,3.8,1,0.3,2.2,2.8,10,FALSE
26,65,35,1525,3.8,9.5,0.9,3,2.9,6.5,2.3,3,0.8,3.3,4.1,7.9,1.3,0.1,2.4,3.1,11,FALSE
33,74,15,1398,6.1,13.4,3.5,8.6,2.6,4.8,1.6,1.9,1,6.5,7.5,1.2,0.8,1,1.4,3.6,17.4,TRUE
28,63,63,2134,5.7,12.7,2.1,5.5,3.5,7.2,5.9,6.5,0.7,4.8,5.5,2.3,0.7,0.3,1.4,1.6,19.3,TRUE
25,74,2,1495,5,13.1,2.9,7.4,2.1,5.7,1.2,1.5,0.7,3.1,3.8,2.2,1.1,0.1,1.1,2.3,14.1,FALSE
25,55,0,1120,5.3,14.2,3.2,8.6,2.1,5.6,1.3,1.7,0.6,3.2,3.9,2.1,1.3,0.2,0.9,2.4,15.1,FALSE
25,19,2,375,4,10,1.8,3.8,2.2,6.1,1.1,1.2,0.7,2.7,3.4,2.7,0.6,0.1,1.7,1.9,10.9,FALSE
23,5,0,43,0,5.9,0,4.2,0,1.7,0,0,0.8,5,5.9,0,0,0,2.5,3.3,0,FALSE
32,74,74,2531,7.6,16.5,1.5,3.8,6.1,12.7,4,4.7,0.9,5.7,6.6,4.8,1,1.4,2.4,2.4,20.6,TRUE
36,64,39,1627,6.7,13.4,1.2,2.3,5.5,11.1,2.9,4.1,2.4,8.7,11.1,3.3,0.5,1.5,1.8,2.4,17.5,TRUE
30,30,30,1013,7.1,15.7,1.5,4,5.7,11.7,4.2,4.9,1.2,5.5,6.8,2.9,1.6,0.9,2.6,2.8,20,TRUE
24,9,0,32,1.1,11.3,0,4.5,1.1,6.8,2.3,2.3,2.3,1.1,3.4,2.3,0,0,0,2.3,4.5,FALSE
29,13,0,89,1.2,5.7,0,1.2,1.2,4.4,2,3.6,1.6,4.4,6.1,2.4,2,0.4,1.6,5.7,4.4,FALSE
26,75,75,2689,8.3,18,2.6,6.6,5.7,11.4,4.5,5,0.8,5.8,6.6,3.4,1.6,0.4,2.9,2.8,23.8,TRUE
22,5,0,48,1.5,5.2,0.7,1.5,0.7,3.7,6.8,7.5,0.7,6,6.8,2.3,0.7,0,1.5,3.7,10.5,FALSE
29,17,0,231,5.5,14.8,2.3,7,3.1,7.8,3.3,4.5,0.2,3.3,3.4,4.1,1.2,0,3.3,3.3,16.5,FALSE
31,78,71,1989,6.6,12.8,0.1,0.2,6.6,12.6,2,2.9,2.9,5.9,8.8,1.3,0.7,1.2,1.9,3,15.3,TRUE
31,55,55,1502,6.6,12.7,0,0.3,6.6,12.4,2,2.9,2.9,6.3,9.2,1.4,0.6,1.2,1.8,2.9,15.3,TRUE
31,23,16,487,6.6,13.2,0.1,0.1,6.5,13.2,2.1,2.9,2.8,4.8,7.6,1,1,1.1,2.1,3,15.3,FALSE
39,69,0,1291,4.8,12.2,2.5,6.3,2.3,5.9,2.4,3,0.8,3.6,4.4,5.1,2.3,0.4,2.7,3.3,14.4,FALSE
24,81,81,2744,5.4,8.2,0,0,5.4,8.2,4.1,6.2,4.1,9.5,13.6,1.3,0.6,2.8,1.9,3.2,14.9,TRUE
22,15,0,214,6.1,11.1,0.8,2.5,5.2,8.6,5.6,7.1,1.2,3.5,4.7,4,0.7,0.8,2.4,1.3,18.5,TRUE
22,3,0,30,2.4,6,1.2,2.4,1.2,3.6,12,12,0,0,0,1.2,0,1.2,0,1.2,18,TRUE
22,12,0,184,6.7,11.9,0.8,2.5,5.9,9.4,4.5,6.3,1.4,4.1,5.5,4.5,0.8,0.8,2.7,1.4,18.6,TRUE
21,80,72,2298,6.2,13.6,1.2,4.2,5,9.4,2.4,3.4,1.8,4.5,6.3,2.3,1,0.6,1.4,2.7,16,FALSE
28,75,15,2323,6.4,15.7,3.8,10.2,2.6,5.5,2.3,2.7,0.4,2.7,3.1,2.9,0.7,0.6,1.9,2.3,18.9,FALSE
32,82,82,2556,5.5,9.5,0,0,5.5,9.5,1.5,2.2,3.4,8.6,12,1.7,0.6,0.9,1.7,3,12.4,TRUE
23,27,1,189,3.6,7.6,1.7,2.9,1.9,4.8,1.9,2.9,1,3.2,4.2,1.1,1.1,0.2,0.6,3.4,10.9,FALSE
22,80,4,1531,3.6,7.7,1,2.7,2.6,5,2.1,3.5,0.9,3.9,4.8,1.1,0.8,1.9,1,3.5,10.3,FALSE
22,2,0,41,5.3,14.9,0,1.8,5.3,13.2,3.5,7,0,5.3,5.3,0,0,3.5,2.6,4.4,14,FALSE
22,78,4,1490,3.5,7.5,1,2.8,2.5,4.8,2.1,3.4,0.9,3.9,4.8,1.1,0.8,1.8,1,3.5,10.2,FALSE
24,63,28,1028,4.5,10.5,1.7,4.7,2.8,5.8,2.3,2.6,0.6,3.3,3.9,4.2,1.6,0.3,1.5,3.3,13,FALSE
29,68,68,1807,3.5,8.9,2.4,6.2,1.2,2.7,0.5,0.6,0.6,3.8,4.5,2.5,1.4,1.1,1.5,2.4,9.9,FALSE
26,76,76,2471,4,9.5,1.2,3.8,2.8,5.6,2.2,3.1,1.4,7.3,8.7,7.8,2.2,1.5,2.7,3.2,11.3,TRUE
31,47,0,538,6.4,15.5,2.6,7.4,3.7,8.1,2.2,2.7,1.1,4.6,5.6,2.2,0.6,0.5,1.7,3.2,17.5,FALSE
26,77,75,2101,4.3,8.6,0.9,2.5,3.3,6.1,2.3,2.9,2.9,6.5,9.3,1.4,0.8,0.6,1.6,4.2,11.8,FALSE
30,69,11,1534,5.2,13.1,1.2,4.5,3.9,8.6,3.4,3.9,0.9,4.1,5,1.9,0.9,0.3,1.8,2.4,15,FALSE
27,61,61,2076,8.3,16.8,0.7,2,7.6,14.9,5.5,7.3,1.9,6.7,8.6,5.2,1,0.4,2.5,2.7,22.8,TRUE
26,64,7,1177,5.3,11.6,1.7,5.5,3.6,6.1,1.2,1.6,2.2,5.8,8,1.7,0.9,1.3,1.3,2.8,13.5,FALSE
24,22,0,163,3.8,9.3,1.1,2.2,2.7,7.1,2,4.4,1.8,6.2,8,0.9,0.2,2.9,2.2,4.6,10.6,FALSE
24,79,30,2154,6.9,15.2,2.5,7,4.4,8.3,2.7,3.6,0.6,3.2,3.7,3,0.9,0.3,1.8,1.7,19.1,TRUE
27,81,81,2947,8.2,18.7,3.2,9.2,5,9.5,9.1,10.8,1.2,6.9,8.1,11.1,1.5,0.5,5.7,2.6,28.8,TRUE
23,77,69,2223,5.1,10.1,1.1,3.1,4,7,1.2,2,2,3.5,5.5,1.4,1.4,1.1,1.4,3.5,12.5,FALSE
27,3,0,31,5.8,13.9,2.3,8.1,3.5,5.8,0,0,2.3,3.5,5.8,2.3,0,0,4.6,2.3,13.9,FALSE
23,58,14,1064,7.6,11.7,0,0.2,7.6,11.4,2.6,4.1,2.7,4.7,7.4,2.2,0.7,1.4,1.5,4.3,17.8,TRUE
33,65,0,1087,4.5,11.3,1.9,5.9,2.6,5.4,3.5,4.3,0.4,3.8,4.2,4.5,1.4,0.2,1.9,3.3,14.5,FALSE
22,57,56,1782,6.5,12.9,2.2,5.2,4.3,7.7,2.1,2.7,1,2.6,3.6,3.3,1.4,0.2,1.5,1.9,17.2,TRUE
25,52,11,1138,4.9,11.5,2.7,7,2.2,4.5,1.1,1.6,0.5,4.1,4.7,1.7,0.9,0.3,1.7,3.8,13.5,FALSE
27,4,0,25,4.3,21.6,0,2.9,4.3,18.7,2.9,5.8,4.3,8.6,13,2.9,0,0,2.9,1.4,11.5,FALSE
24,82,48,2567,7.2,14.9,1.5,4.4,5.6,10.5,2.7,3.2,0.9,5,5.8,2,0.8,0.5,1.3,1.9,18.5,TRUE
22,5,0,17,0,8.5,0,4.2,0,4.2,2.1,4.2,0,6.4,6.4,6.4,0,0,0,4.2,2.1,FALSE
22,72,18,1474,2.9,8.8,1.1,3.8,1.8,5,3.6,4.7,0.6,2.8,3.3,4.8,1.3,0.5,2.1,4.7,10.4,FALSE
36,16,0,130,3,6.4,0,0.8,3,5.5,2.5,4.2,2.2,7.8,10,1.7,1.7,0.3,2.2,6.1,8.6,FALSE
28,54,1,797,6.1,12.5,1.1,3.7,4.9,8.9,2,2.3,1.7,6.9,8.6,3.7,0.7,1.4,2.2,3.5,15.2,TRUE
28,35,1,626,6,12.5,0.9,3.2,5.1,9.4,1.7,2,1.8,6.6,8.4,3.6,0.7,1.5,2.3,3.5,14.6,FALSE
28,19,0,171,6.3,12.4,1.9,5.5,4.4,6.9,2.9,3.8,1.3,8.2,9.5,4,0.4,0.8,1.9,3.4,17.5,TRUE
26,73,73,2516,7.8,16.5,2.1,5.4,5.7,11.2,5.2,6.1,0.7,4.9,5.6,3.6,1,0.3,2,1.7,22.9,TRUE
29,72,41,1667,5.1,11.9,1.3,3.7,3.7,8.2,2.9,3.6,0.7,3.3,4,2.4,0.9,0.3,1.3,2.8,14.3,FALSE
26,58,39,1123,5.1,9.9,0,0,5.1,9.9,2.4,3.4,2.9,6.5,9.5,1.8,0.9,2.5,1.7,4.8,12.6,TRUE
21,62,9,842,4.3,9.6,2,4.8,2.4,4.7,2.4,3.2,1.8,6.2,8,1.2,1.3,0.5,1.3,2.7,13,FALSE
22,72,22,1324,6.7,12.6,0.1,0.4,6.6,12.2,2.5,3.4,4.6,9,13.6,2.6,1.1,1,2.7,4.1,16,TRUE
21,65,2,960,4.4,12.4,1.6,5.4,2.8,7,1.5,1.9,0.7,4.7,5.5,2.3,1.1,0.6,2.2,2.8,11.9,FALSE
30,48,13,682,4.2,7.8,0,0,4.2,7.8,3.2,4,2.9,5.2,8,1.1,0.4,2.4,1.7,5.3,11.7,FALSE
30,42,13,671,4.2,7.7,0,0,4.2,7.7,3.3,4,2.8,5.2,8,1.1,0.4,2.4,1.7,5.2,11.6,FALSE
30,6,0,11,6.5,9.8,0,0,6.5,9.8,0,0,3.3,3.3,6.5,3.3,0,6.5,3.3,9.8,13.1,TRUE
23,82,55,1888,6.2,14.6,2.8,7.2,3.4,7.4,1.2,1.4,0.7,4.5,5.1,2.3,0.7,0.2,1.9,2.2,16.5,FALSE
23,57,37,1161,5.7,14.6,2.8,7.5,3,7.1,0.9,1,0.6,4.6,5.1,2.4,0.6,0.2,1.5,2.5,15.1,FALSE
23,25,18,727,7,14.7,2.9,6.8,4.1,7.8,1.7,2.1,0.8,4.3,5.1,2.2,1,0.1,2.6,1.7,18.7,FALSE
34,67,8,1198,7.4,11.9,0.1,0.3,7.3,11.7,3.5,5.9,2.9,5.6,8.5,2,1.7,1.2,2.2,4.9,18.3,TRUE
30,49,49,1544,6.7,14.1,2.2,5.4,4.5,8.7,3.7,4.6,0.5,3.4,3.9,4.8,1.2,0.3,2,2.7,19.3,TRUE
29,7,0,47,3.8,10,0,0,3.8,10,1.5,1.5,6.1,4.6,10.7,0,0.8,0,3.1,6.9,9.2,FALSE
25,80,71,2374,2.8,7.2,1.4,4.1,1.3,3.2,1.6,1.9,0.8,3.9,4.7,2.1,1.1,0.5,1.2,2.8,8.5,FALSE
23,39,1,381,4.4,11.9,1.1,4.3,3.3,7.6,2,2.6,0.2,2.9,3.1,3.1,1,0.2,2.6,3.7,12,FALSE
26,67,61,2190,6.7,14.7,1.6,4.6,5,10.1,2,2.8,0.8,3.6,4.3,8,1.6,0.7,3.2,2.2,16.9,TRUE
27,82,4,1639,5.1,11.8,2.1,6,3,5.8,1.4,1.8,0.6,4.3,4.9,2.2,1.4,0.7,1.4,2.4,13.8,FALSE
22,78,50,1761,4.8,11.1,0.3,1.4,4.5,9.7,3.9,5.2,2,7.3,9.2,3.1,1.7,0.9,2.4,3.6,13.8,FALSE
23,57,17,1193,6.9,12.4,0.8,2.3,6.1,10.1,2.2,3.1,2.8,6.5,9.4,1.8,1.3,1.7,1.7,4.1,16.9,TRUE
24,59,55,1593,6.1,15.1,2.6,6.9,3.6,8.1,2,2.6,0.4,4.2,4.6,2.2,0.9,0.2,1.5,3,16.9,FALSE
30,68,68,2193,6.2,13.1,1.4,4,4.8,9.2,1.8,2.2,1.6,6.1,7.6,5.5,0.9,1.4,1.9,2.3,15.6,TRUE
23,1,0,1,0,0,0,0,0,0,0,0,0,36,36,0,0,0,0,0,0,FALSE
31,74,74,2199,6.4,10,0,0,6.4,10,3.7,6.9,4.8,10.5,15.4,1.7,1,1.5,2.8,3.3,16.4,TRUE
33,23,1,237,3.8,10.3,0.6,2.9,3.2,7.4,1.4,2.6,0.3,3.3,3.6,7.9,1.5,0.3,2.9,2.4,9.6,FALSE
25,2,0,31,7,12.8,2.3,4.6,4.6,8.1,0,1.2,4.6,5.8,10.5,3.5,0,3.5,0,0,16.3,TRUE
31,56,4,689,4.5,11.2,1,2.8,3.6,8.4,3.3,4.3,3.1,7.6,10.8,1.5,0.8,1.1,1.5,3.6,13.4,FALSE
23,3,0,9,0,4,0,4,0,0,0,0,0,4,4,0,0,0,0,0,0,FALSE
27,79,79,2422,7,14.6,1.8,4.7,5.2,9.9,1.6,1.9,1.9,6.1,8,1.1,0.6,1.8,1.6,3.2,17.4,TRUE
27,56,56,1710,7.2,14.8,1.7,4.5,5.5,10.3,1.6,1.9,2.1,5.9,8,1.3,0.7,1.9,1.4,2.9,17.8,TRUE
27,23,23,712,6.5,14.1,2.1,5.2,4.4,8.9,1.5,1.7,1.5,6.4,7.9,0.8,0.4,1.7,2,3.8,16.5,FALSE
33,76,0,1998,3.9,7.5,1.2,3.2,2.8,4.3,1.3,1.8,0.9,4.6,5.5,4.7,1.4,0.7,1,1.7,10.3,FALSE
29,82,52,2142,6.5,15,2.4,6.8,4.1,8.2,2.7,3.5,1.9,6.2,8.1,2.4,1,0.4,1.9,3.5,18,FALSE
29,3,0,62,3.5,9.3,1.7,7,1.7,2.3,0,0,1.2,8.1,9.3,0.6,1.7,0.6,2.3,2.9,8.7,FALSE
29,53,40,1447,7.1,16.1,2.7,7.4,4.4,8.7,2.7,3.5,1.8,6,7.8,2.4,0.8,0.3,1.9,3.3,19.6,TRUE
29,26,12,633,5.3,12.9,1.8,5.2,3.5,7.6,3,3.7,2.4,6.2,8.6,2.4,1.3,0.5,1.9,4.2,15.4,FALSE
29,82,26,1972,3.7,8.2,2.2,5.1,1.5,3.1,0.9,1.2,0.4,4.3,4.8,4.1,1.8,0.1,2,3,10.6,FALSE
19,79,40,2279,4.4,10.8,0.9,3,3.5,7.9,2.1,3.4,0.9,4,5,2.6,0.8,0.6,1.8,2.5,11.7,FALSE
24,72,72,2525,9.6,20.2,2.5,6.3,7,14,4.2,4.7,0.7,2.5,3.3,6,1.2,0.3,2.6,2.2,25.9,TRUE
33,2,0,33,2.2,3.3,0,1.1,2.2,2.2,2.2,2.2,0,0,0,5.5,2.2,0,3.3,4.4,6.5,FALSE
22,5,0,17,6.4,8.5,2.1,2.1,4.2,6.4,6.4,12.7,4.2,4.2,8.5,6.4,0,0,0,0,21.2,TRUE
25,8,1,84,5.6,16.7,1.3,4.7,4.3,12,2.6,3,0.4,3.4,3.9,8.1,0.9,0,1.3,2.1,15,FALSE
26,52,50,1424,7.2,17.1,1.7,4.7,5.5,12.5,3,3.4,0.5,2.4,2.9,6.8,0.9,0.1,2.9,3.3,19,FALSE
32,74,74,2794,9.5,17.3,1.6,4.4,7.9,12.9,4.6,6.8,1.2,7,8.2,8.3,1.2,0.6,3.9,1.7,25.2,TRUE
32,66,1,931,9.1,18.2,0,0,9.1,18.2,2.5,3.3,2.9,7.8,10.7,2.2,0.7,0.6,1.3,4.8,20.7,TRUE
36,79,13,1614,3.4,7.7,1.4,4.1,2,3.5,1.8,2.4,0.6,3.9,4.5,1.7,0.6,0.2,1.2,3.4,10,FALSE
25,4,0,13,5.5,13.8,2.8,5.5,2.8,8.3,5.5,5.5,0,2.8,2.8,2.8,0,0,0,0,19.4,TRUE
27,81,13,1802,3.8,10.7,1.6,5,2.3,5.7,2.3,3,0.6,3.3,3.9,7.9,1.4,0.1,2.6,2.3,11.5,FALSE
27,58,11,1428,4.1,10.8,1.7,5,2.4,5.8,2.6,3.4,0.5,3.3,3.8,7.2,1.4,0.1,2.7,2.1,12.5,FALSE
27,23,2,374,2.8,10.2,1.1,5,1.7,5.2,1.2,1.6,0.8,3.5,4.2,10.4,1.4,0,2.1,3.1,7.8,FALSE
29,78,6,1232,3.3,7.7,1.3,3.8,2,3.9,0.8,1.1,1.7,6.2,7.9,2.1,0.7,0.5,1.1,3.6,8.7,FALSE
29,80,77,1608,4.8,8.3,0.6,1.5,4.2,6.8,1.5,2.2,2.6,5.6,8.2,3.1,1.1,1.4,1.7,4.7,11.6,FALSE
22,3,0,9,8,28,0,0,8,28,0,0,4,8,12,4,8,4,4,0,16,TRUE
29,76,5,2085,6.4,13.3,1.5,4.4,4.9,8.9,2.6,3.7,1.1,5.4,6.5,4.8,1.3,1.5,3,3.4,16.8,TRUE
35,78,14,1843,5.3,12.2,2.1,5,3.3,7.2,1.2,1.5,0.6,4.1,4.7,2.8,0.7,0.4,1.3,1.8,14,FALSE
20,77,1,1371,3.4,9.6,1.2,4,2.2,5.5,0.9,1.4,0.9,4,5,2.8,1.5,0.6,1.9,3.2,8.9,FALSE
24,73,0,2178,5.9,13.6,1.5,4.1,4.4,9.5,3.2,4.2,0.8,4,4.8,3.9,1.4,0.7,1.5,2.9,16.6,TRUE
29,68,3,810,3.2,8.9,1.3,5.2,2,3.6,0.5,0.8,1.2,6.9,8,1,1.3,1.3,0.8,3.7,8.3,FALSE
21,73,59,2038,8.7,15.1,0.8,2.5,7.9,12.6,3.3,4,3.7,8.9,12.7,6.3,1.1,1,3,3.8,21.6,TRUE
36,1,0,12,9,24,0,6,9,18,9,12,3,3,6,3,0,0,3,3,27,FALSE
21,10,0,85,3.4,6.8,0,0,3.4,6.8,1.3,4.2,3.8,5.9,9.7,0,0.4,1.7,2.5,6.4,8,FALSE
19,32,8,545,4.5,8,0.2,0.7,4.3,7.3,1.9,2.7,2.6,2.6,5.2,0.8,0.9,0.9,0.9,4.2,11.1,FALSE
36,48,2,381,4.2,8.7,2.9,6.2,1.2,2.5,1.2,1.9,0.3,3.2,3.5,1.3,0.6,0.9,0.9,3.5,12.5,FALSE
25,54,12,1270,6.5,13.9,0.5,2.1,6,11.8,2.9,4.8,1.8,6.8,8.7,1.7,1.1,1.5,1.4,1.9,16.6,TRUE
25,51,12,1264,6.6,13.9,0.5,2.1,6,11.8,2.9,4.8,1.9,6.8,8.6,1.7,1.1,1.5,1.4,1.9,16.6,TRUE
25,3,0,6,0,18,0,0,0,18,0,0,0,18,18,0,6,6,0,0,0,FALSE
20,60,0,774,3.5,8.4,1.2,3.4,2.3,5,1.5,2,0.5,2.7,3.1,7.3,2.2,0.2,1.8,2.3,9.7,FALSE
28,81,81,2570,5.8,8.1,0,0,5.8,8.1,2.9,6,4.2,11.4,15.6,1.3,0.7,1.9,1.6,3,14.4,TRUE
25,80,22,2003,5.4,11.9,0.9,2.4,4.5,9.5,1.7,2.2,0.9,3.3,4.2,4.8,1.2,0.2,1.9,2.5,13.3,FALSE
23,75,16,1954,5.9,14.8,2.1,6.5,3.8,8.3,2.2,2.9,1.1,5.1,6.2,3,0.8,0.6,1.4,2.6,16.1,FALSE
24,72,0,1533,9.4,17.3,0.1,0.9,9.3,16.4,5.3,6.7,4.6,6.7,11.3,1.6,0.8,0.9,2.9,3.6,24.3,TRUE
25,16,0,110,2.6,9.2,1.3,3.3,1.3,5.9,1.6,2,0.3,5.6,5.9,2.6,1.3,1.6,1.3,1.6,8.2,FALSE
23,81,81,2349,4.5,9.5,0,0.1,4.5,9.3,2.3,3,2.4,6.3,8.7,1.7,1.2,1.2,0.9,2.9,11.4,FALSE
27,70,24,1754,6.3,15.1,2.2,6.3,4.1,8.8,4.2,5,0.5,5.3,5.7,3.2,0.9,0.1,2.8,2.4,18.9,FALSE
25,54,5,1140,6.6,16.6,1.4,4.4,5.2,12.2,4.2,4.9,0.8,2.9,3.7,4.1,0.9,0.2,2.8,2.7,18.8,FALSE
35,67,22,1753,4.9,10.6,3.3,7.4,1.6,3.2,0.8,0.9,0.1,3.7,3.8,2.3,0.7,0.4,1.4,2.2,13.9,FALSE
35,32,21,894,4.3,9.9,2.6,6.4,1.7,3.5,1,1.1,0,3.6,3.6,3,0.9,0.5,1.6,1.9,12.3,FALSE
35,35,1,859,5.5,11.3,4.1,8.4,1.4,2.9,0.6,0.6,0.3,3.8,4.1,1.5,0.5,0.3,1.2,2.5,15.6,FALSE
27,71,62,1419,5.5,9.9,0,0,5.5,9.9,1,1.6,3,7.2,10.2,1.2,0.9,1.2,1.5,4.4,11.9,FALSE
27,68,5,1016,5.6,13.1,1.9,6,3.7,7.1,1.9,2.4,1.7,2.8,4.5,2.4,1,0.4,1.8,2.8,15.1,FALSE
20,33,12,612,6.9,12.8,0.2,0.5,6.7,12.4,3.1,4.4,3,6.5,9.5,1.6,0.9,0.8,2.2,3.8,17,TRUE
24,62,5,1143,7.1,15.5,1.3,4.6,5.8,10.9,3.5,4.1,0.9,7.4,8.3,2.4,0.9,0.7,1.3,3.1,19,TRUE
27,18,3,174,4.1,9.7,2.1,5.6,2.1,4.1,1.9,1.9,0.2,1.9,2.1,5.8,0.8,0.2,3.9,3.9,12.2,FALSE
25,70,1,980,5.4,12.3,1.2,3.6,4.2,8.7,1.7,2.7,2.6,6.6,9.2,2.6,0.9,0.2,2.1,3,13.8,FALSE
25,50,0,739,5.4,11.9,1.3,3.8,4.1,8.1,1.8,2.8,2.5,6.4,8.9,2.5,0.9,0.3,1.9,3.5,13.9,FALSE
25,20,1,241,5.5,13.7,0.9,3,4.6,10.8,1.3,2.2,3.1,7,10.2,2.8,1,0,2.4,1.8,13.3,FALSE
21,47,47,1749,6.7,14.6,2.5,6.4,4.2,8.2,2.4,2.9,0.4,2.9,3.3,2.9,0.8,0.2,1.7,2.1,18.3,FALSE
29,69,24,1732,4.9,10.8,0.7,2.5,4.2,8.4,3.6,4.5,0.9,2.8,3.7,6.9,1.5,0.1,2.7,2.5,14.2,TRUE
22,35,1,249,3.8,12.9,1.9,7.4,1.9,5.5,1.9,2.5,0.9,2.6,3.5,1.6,1.3,0.4,1.6,3.2,11.3,FALSE
31,77,74,2459,4.7,10.3,1.6,3.9,3.1,6.4,1.2,1.4,0.8,3,3.8,2.6,1.2,0.4,1,2.1,12.2,FALSE
33,79,10,1477,6,10.2,0,0,6,10.2,1.9,2.8,3.6,7.1,10.7,3,0.8,1,2,3,14,TRUE
23,77,34,1560,5.3,10.7,0.1,0.3,5.2,10.4,3.5,4.8,3.6,8.2,11.8,1,0.9,2.3,2.4,5.6,14.1,FALSE
25,74,74,2474,9.3,19.1,2.1,5.6,7.1,13.5,6.8,7.8,1.2,5.1,6.3,3.8,1.9,0.8,2.2,1.8,27.5,TRUE
24,74,12,1222,4.3,11.1,2.2,6.3,2.1,4.9,1,1.2,0.8,6.2,7,2.1,0.4,0.8,1,5.1,11.8,FALSE
27,75,34,1944,5.7,12,0.9,3.1,4.8,8.9,1.8,2.1,1.9,5.6,7.4,2.1,0.6,0.5,1.2,2.7,14.2,FALSE
22,57,26,1237,5,11.1,1.7,5.4,3.3,5.7,1.9,2.7,0.7,4.8,5.5,3.2,1.4,0.2,1.7,2.6,13.6,FALSE
28,62,19,777,2.5,6.6,0.8,2.1,1.8,4.4,1.2,1.9,0.9,4.1,5,2.5,2.2,0.6,1.9,3.8,7,FALSE
28,61,19,752,2.5,6.5,0.8,2.2,1.7,4.4,1.1,1.8,0.8,4,4.8,2.6,2.2,0.7,2,3.7,6.9,FALSE
28,1,0,25,4.3,8.6,0,1.4,4.3,7.2,2.9,4.3,4.3,5.8,10.1,0,2.9,0,0,4.3,11.5,TRUE
26,75,75,2694,8.8,19.9,2.9,7.7,6,12.1,6.5,7.3,0.6,4.3,4.9,5.9,0.9,0.3,2.6,2,27,TRUE
28,36,33,883,7.1,16.3,2.4,6.4,4.8,9.9,4.7,5.7,0.4,5.1,5.5,7.5,1.7,0.6,3.5,3.2,21.3,TRUE
31,76,3,1345,4.6,8.5,0,0.1,4.6,8.4,1.1,1.6,0.7,3.3,4,3.7,1,0.5,1.7,3.2,10.4,FALSE
24,18,0,234,9.4,16.8,1.1,2.9,8.3,13.8,2.9,5.4,6.3,6.8,13.1,2,1.4,1.4,2,7.5,22.8,TRUE
20,53,4,447,4.5,8.6,0.2,0.7,4.3,7.9,1.7,2.7,3.5,6.4,10,2.3,1.2,1.4,1.4,5.2,10.9,FALSE
28,75,75,2222,9,19,2.2,6.3,6.8,12.7,4.8,5.9,2,4.6,6.5,2.9,0.6,2,3,3.1,24.9,TRUE
28,81,81,2271,6.1,12.3,0,0,6.1,12.3,1.2,1.6,3.9,4.4,8.2,1.3,0.3,1.9,1.4,2.4,13.3,FALSE
28,60,60,1885,7.1,16.6,2.8,7.4,4.3,9.1,4.9,5.6,2.8,9.9,12.7,2.2,1,0.4,2.3,2.4,21.8,TRUE
30,60,60,2244,6.8,14.7,3.1,7.5,3.7,7.2,4.8,5.9,0.8,3.8,4.6,6.7,1.4,0.3,2.8,2.7,21.6,TRUE
34,5,0,11,3.3,13.1,0,3.3,3.3,9.8,0,0,0,0,0,3.3,6.5,0,0,0,6.5,FALSE
21,69,19,1190,4.4,10.9,1.5,4.9,2.9,6.1,3.2,3.7,0.8,3.8,4.5,2.3,1,0.3,2.2,4.7,13.5,FALSE
21,71,4,1158,4.9,13.6,2,6.3,2.9,7.3,1.8,2.5,1.5,5.8,7.3,2.1,0.8,0.6,2,3,13.7,FALSE
24,30,3,287,3.8,9.4,0.9,3.8,2.9,5.6,2.9,3.4,0.5,3.8,4.3,1.9,1,0.3,0.6,2.1,11.3,FALSE
26,55,9,1205,5.1,11.4,1.1,3.6,4,7.8,1.6,2.3,0.6,3.1,3.7,4.6,1.3,0.1,2.7,3,12.8,FALSE
30,31,0,555,4.2,7.2,0,0,4.2,7.2,2.8,4.9,3,6.7,9.7,1.2,2.1,1.6,2.2,5.8,11.2,FALSE
19,57,34,562,5.3,11.6,1.8,4.7,3.5,6.9,2,3.1,2.6,4.7,7.3,1.5,0.6,1.7,1.1,5.4,14.5,TRUE
28,35,0,293,8.8,16.2,0,0,8.8,16.2,5.8,7.1,5.7,10.3,16,1.1,0.7,1.5,1.2,3.1,23.5,FALSE
22,42,3,558,3.7,9.7,0.6,1.6,3.2,8.1,2.6,3.2,2.7,7.7,10.5,0.5,1.1,0.6,1.8,5.9,10.6,FALSE
30,73,73,2495,4.8,12.2,2.5,6.9,2.3,5.3,2.1,2.6,0.3,3.5,3.7,3,1.1,0.2,1.5,2.3,14.2,FALSE
30,80,76,1787,3.8,7.6,0.9,2.2,3,5.4,1.2,1.8,0.9,2.5,3.4,0.8,1.6,0.7,0.9,2.5,9.8,FALSE
24,52,2,457,4.9,9.2,0.2,0.6,4.7,8.6,1.7,3.3,2.7,4.5,7.2,1.4,1.4,2.3,1.5,3.7,11.6,FALSE
21,71,20,1074,3.6,8.2,1.4,4.1,2.2,4.1,1,1.2,0.7,2.6,3.4,2.6,1.1,0.5,1.2,2.1,9.5,FALSE
25,80,80,2796,8.9,18.6,2.4,5.7,6.5,12.9,3.5,3.8,0.8,2.9,3.7,3.7,0.9,0.5,2.2,2.6,23.7,TRUE
24,81,51,2133,4,8.6,0.2,0.9,3.8,7.7,1.2,1.5,0.7,3.6,4.2,9,2.3,0.2,2.7,2.3,9.4,FALSE
21,16,0,80,7.2,14.4,0.5,3.2,6.8,11.3,1.4,2.3,4.1,4.5,8.6,0.9,0.9,0.9,1.4,3.2,16.2,TRUE
21,14,0,72,8,15.5,0.5,3,7.5,12.5,1,1.5,4.5,4,8.5,1,0.5,1,1,3.5,17.5,TRUE
21,2,0,8,0,4.5,0,4.5,0,0,4.5,9,0,9,9,0,4.5,0,4.5,0,4.5,FALSE
23,49,0,505,5.5,12,1.4,4.7,4.1,7.3,2.3,2.7,1.1,4.8,5.8,0.9,1.4,1.3,2.1,3.5,14.7,FALSE
23,29,0,212,5.3,11.5,1.5,4.6,3.7,7,1.5,1.7,1,4.1,5.1,0.7,1.2,1.4,1.7,4.1,13.6,FALSE
23,20,0,293,5.7,12.4,1.4,4.8,4.3,7.6,2.8,3.4,1.1,5.3,6.4,1.1,1.5,1.2,2.3,3.1,15.5,FALSE
25,66,5,1508,5.3,11.9,1.8,5,3.5,6.9,1.7,2,0.5,3.8,4.3,1.4,0.3,0.1,0.9,1.9,14.1,FALSE
25,44,4,1078,5.5,12.5,1.9,5,3.7,7.4,2,2.2,0.5,3.9,4.3,1.5,0.4,0.1,1.1,1.9,14.9,FALSE
25,22,1,430,4.7,10.4,1.8,4.9,2.9,5.5,1,1.4,0.5,3.6,4.1,1.1,0.2,0.1,0.5,1.8,12.1,FALSE
29,77,10,739,10.1,15.5,0,0.1,10.1,15.4,2.7,5.4,4.9,7,11.9,0.8,0.9,3.3,1.9,5.3,23,TRUE
25,78,65,1966,3.5,8.4,1.3,4,2.1,4.4,0.8,1.3,1.7,3,4.7,2.3,0.8,0.3,1,2.6,9.1,FALSE
23,61,26,1176,5.5,12.8,2,5.2,3.5,7.6,2.1,2.8,0.6,3.4,3.9,1.6,0.9,0.2,1.9,3.3,15.2,FALSE
25,37,4,384,5.4,14.1,1.7,4.8,3.7,9.3,2.5,3.2,0.6,3.3,3.8,1.8,0.7,0.6,1.3,2.9,15.1,FALSE
29,22,14,381,4.2,11.1,1.2,2.9,2.9,8.2,0.6,0.9,2.2,4.8,7,4.7,0.9,0.4,2.2,2.9,10.1,FALSE
29,36,10,738,5,12.5,2.7,6.7,2.3,5.8,3.2,3.6,0.2,3.5,3.8,2.2,1.7,0.2,1.8,2,16,FALSE
30,73,11,905,3.5,5.4,0,0.1,3.5,5.3,1.4,2.4,3.9,8.4,12.3,0.6,1.3,2.4,1.6,6,8.5,FALSE
22,25,1,141,3.8,8.7,0,0.3,3.8,8.4,2,3.6,3.3,5.4,8.7,1.8,0.8,1.5,2.3,3.1,9.7,FALSE
25,29,23,889,6.1,13.5,1.8,4.2,4.3,9.3,3.3,3.7,0.4,4.5,5,4,1.7,0.3,2.6,3.2,17.3,FALSE
29,76,29,1776,5.7,13.1,3.4,8.3,2.3,4.8,1.7,1.9,0.6,4,4.6,1,0.9,0.5,0.8,3.1,16.5,FALSE
36,20,0,151,2.1,5.5,1.9,4.8,0.2,0.7,0.5,0.5,0.5,8.6,9.1,5.2,0.5,0,3.1,2.1,6.7,FALSE
28,80,8,1754,5.6,12.7,3,7.3,2.6,5.5,1.4,1.6,0.5,2.4,2.9,5.7,1.3,0.1,2.1,2.2,15.6,TRUE
29,2,0,23,1.6,11,0,3.1,1.6,7.8,1.6,3.1,4.7,4.7,9.4,1.6,0,0,3.1,3.1,4.7,FALSE
31,69,67,2343,6.6,14.9,1.2,3.7,5.5,11.2,4.8,6.2,1.7,6.5,8.2,3.9,1.4,1,2.4,2.9,19.1,TRUE
25,70,15,1679,5.5,13.4,2.8,8.1,2.8,5.3,2.1,2.7,1.3,6.9,8.2,1.6,1.1,1.2,1.7,2.7,16,FALSE
26,81,0,1823,7.6,14.3,0,0.1,7.6,14.3,3.5,4.7,3.3,7.2,10.5,3.7,1.8,0.8,2.8,3.3,18.8,TRUE
27,73,22,1820,5.6,12.2,1.5,4.1,4.1,8.1,1.1,1.5,0.7,2.4,3,3.2,1,0.6,1.2,2.6,13.8,FALSE
27,79,79,2565,5.9,14.1,1.7,5,4.3,9.1,2,2.6,1.1,4.1,5.1,2.2,0.7,0.4,1.2,2.4,15.5,FALSE
27,76,76,2374,6.2,13.5,1.1,3,5.1,10.5,2.7,3.3,1.6,5.9,7.5,1.9,1.2,0.6,2,3.9,16.1,FALSE
31,49,7,714,4.9,12.7,2.1,6.7,2.9,6,1.7,1.9,0.6,1,1.6,1.3,1.2,0.1,0.3,2.2,13.7,FALSE
31,40,7,627,4.9,12.8,2,6.8,2.9,6,1.3,1.5,0.6,1,1.7,1.1,1.3,0.1,0.3,2.3,13.2,FALSE
31,9,0,87,5,12,2.5,5.8,2.5,6.2,4.6,4.6,0.4,0.4,0.8,2.5,0.8,0,0,1.7,17,TRUE
26,34,0,479,4.3,10.4,0.8,3.5,3.5,6.8,1.9,3.7,2,5.6,7.6,2.4,1.4,0.8,2.3,4.1,11.3,FALSE
30,54,52,1104,5.5,10.7,0,0,5.5,10.7,2.1,2.5,3.4,5.2,8.6,1.4,0.5,1,2.3,4.3,13.1,FALSE
20,55,41,1406,5.3,14.1,1.4,4.6,3.9,9.6,3.4,4.3,0.7,3.8,4.6,5.6,1,0.3,3.1,2.4,15.4,FALSE
24,78,1,1516,6.8,14.2,1.2,3.4,5.7,10.8,3.5,4.5,2,3.2,5.2,0.8,0.5,0.1,1.3,2,18.3,FALSE
20,38,8,322,5.6,13,1,2.6,4.6,10.4,2.3,3.4,0.7,4,4.7,5.4,0.9,0.7,4.2,3.2,14.5,FALSE
19,82,10,1764,6,14.9,2.3,7,3.7,7.9,2.2,2.4,0.8,3.5,4.4,3.5,1,0.5,2.3,2.5,16.6,FALSE
25,70,3,1237,4.9,9.8,1.3,3.2,3.6,6.6,1.4,1.9,2.2,4.8,7,2.8,0.9,1.2,1.6,2.8,12.7,FALSE
24,63,7,1442,4.7,9,0.2,0.9,4.5,8.1,1.5,2,3,6.2,9.2,2.4,2,1,1.4,3.7,11.2,TRUE
25,53,2,512,5.1,12.9,2.4,6.5,2.7,6.4,2.7,3.4,0.6,3.7,4.3,4.7,2.3,0.1,2.9,2.7,15.3,FALSE
24,32,4,331,4.2,9.4,0.1,0.8,4.1,8.6,2.1,2.8,2.4,4.6,7,0.9,1.6,0.9,1.3,3.3,10.7,FALSE
32,2,0,18,0,14,0,4,0,10,8,8,0,2,2,2,0,0,0,2,8,FALSE
34,75,39,2045,4.7,10.6,1.9,4.8,2.9,5.8,0.8,1.1,0.5,2.9,3.4,6.8,1,0.1,2.3,3.5,12.1,FALSE
24,40,0,346,4.3,9.5,1,3.2,3.2,6.2,0.8,0.9,0.4,2.7,3.1,3.5,2.2,0.5,1.6,5,10.4,FALSE
23,23,0,93,3.5,13.9,0.4,4.6,3.1,9.3,0.8,0.8,0.8,5.8,6.6,1.9,1.2,0,1.9,2.3,8.1,FALSE
27,38,0,342,4.5,11.7,0.5,2.8,4,8.8,0.9,1.5,1.6,4.8,6.4,1.1,1.7,0.6,1.8,5.8,10.5,FALSE
27,28,0,231,4.7,12,0.5,2.5,4.2,9.5,1.1,1.9,1.7,3.6,5.3,1.1,1.7,0.9,1.7,5.8,10.9,FALSE
27,10,0,111,4.2,11,0.6,3.6,3.6,7.5,0.6,0.6,1.3,7.5,8.8,1,1.6,0,1.9,5.8,9.7,FALSE
31,46,46,1015,3.5,7.2,0,0,3.5,7.1,1.2,2.8,5.7,8.5,14.3,3.7,1.1,1.3,2.1,4.5,8.2,TRUE
22,51,19,1047,6.3,10.6,0,0,6.3,10.6,2.6,3.8,3.2,6.9,10.1,1.7,2.2,1.7,1.8,4.3,15.3,TRUE
22,29,7,564,6.8,11.2,0,0.1,6.8,11.1,2.7,4,2.9,6.3,9.2,1.9,2.7,1.7,1.9,4.5,16.4,TRUE
22,22,12,483,5.7,10,0,0,5.7,10,2.5,3.6,3.5,7.7,11.2,1.5,1.6,1.8,1.6,4.1,14,TRUE
24,57,6,1088,3.4,5.2,0.1,0.4,3.3,4.8,1.5,2.2,2.7,5.4,8.1,1.4,1.7,2.9,1.5,4.5,8.4,TRUE
33,8,0,22,3.3,11.5,1.6,9.8,1.6,1.6,0,0,0,4.9,4.9,0,0,0,0,1.6,8.2,FALSE
38,54,54,1424,7.5,17.1,2,5.3,5.5,11.9,2.5,2.8,0.6,8.3,8.9,2.1,0.8,1,1.3,2.9,19.4,TRUE
22,65,48,1391,7,13.8,0,0,7,13.8,3.1,5.4,4,8.1,12.1,3.2,1.3,1.9,3.7,4.2,17.1,TRUE
22,45,29,807,6.7,13.3,0,0,6.7,13.3,2.5,5,4,7.6,11.6,2.7,1.1,1.6,3.6,3.9,16,FALSE
22,20,19,584,7.4,14.5,0,0.1,7.4,14.5,3.9,6,4,8.8,12.8,3.9,1.5,2.3,3.8,4.5,18.7,TRUE
24,20,2,397,4.3,7.3,0.1,0.5,4.2,6.9,2.3,3.5,1.5,4.2,5.7,1.3,1.2,0.6,1,3.3,10.9,FALSE
23,11,0,80,6.8,13.5,1.4,2.7,5.4,10.8,2.3,2.7,4.1,4.5,8.6,2.7,0,0.5,2.7,4.5,17.1,FALSE
23,7,0,46,5.5,11.7,1.6,2.3,3.9,9.4,3.1,3.1,3.9,4.7,8.6,1.6,0,0.8,2.3,3.1,15.7,FALSE
23,4,0,34,8.5,15.9,1.1,3.2,7.4,12.7,1.1,2.1,4.2,4.2,8.5,4.2,0,0,3.2,6.4,19.1,TRUE
26,79,8,1229,6.3,12.1,0.1,0.5,6.2,11.6,1.9,2.4,4.6,8.3,12.9,3.4,1.1,3,2.2,5.1,14.5,TRUE
23,19,0,75,5.8,13,0,0,5.8,13,0,1,2.4,8.2,10.6,1.4,1,0,1.4,8.2,11.5,FALSE
21,50,33,1134,7.7,15,0,0,7.7,15,3.4,5,2.6,5,7.6,1.8,0.6,1.6,2.9,3.9,18.7,FALSE
24,67,67,2222,6.7,15.1,2.1,5.7,4.6,9.4,1.9,2.5,0.6,4.1,4.7,2.9,1.3,0.3,1.9,2.5,17.3,FALSE
25,75,6,1538,6.1,11.9,1.6,4.5,4.5,7.4,2.1,2.9,1.7,6.7,8.4,3.5,1,0.7,2.2,4.8,15.9,TRUE
29,8,0,28,2.6,5.1,0,0,2.6,5.1,0,0,2.6,5.1,7.7,2.6,0,1.3,2.6,3.9,5.1,FALSE
20,5,1,52,3.5,4.8,0,0,3.5,4.8,2.8,2.8,1.4,5.5,6.9,2.1,2.1,0.7,2.8,4.2,9.7,FALSE
21,79,5,1605,4.2,9.9,1.2,4.2,3,5.7,1.7,2.2,1.4,4.5,5.9,1.1,1.3,0.4,1.1,4.4,11.2,FALSE
32,70,70,1268,4.7,8.7,0,0.1,4.7,8.7,2.8,3.6,4,7.7,11.6,3.7,1.7,0.9,2.5,4.7,12.1,TRUE
19,22,0,355,5.7,10.3,0,0.2,5.7,10.1,1.2,1.4,2.4,6.3,8.7,2,0.3,1.7,2.4,4.5,12.6,FALSE
21,51,50,1728,8.3,17,1.4,3.7,7,13.2,3.4,4.5,1.6,4.9,6.5,3,1,0.5,1.9,2.3,21.4,TRUE
34,63,63,1587,6,12.9,0.5,1.6,5.5,11.3,1.9,2.7,0.2,2.4,2.6,6.5,0.8,0,2,2.1,14.5,FALSE
28,34,34,675,4,11.8,1.3,5,2.7,6.9,1.9,2.3,0.3,4.2,4.5,2.9,1.1,0.3,1.3,2.8,11.2,FALSE
25,5,0,40,2.7,13.5,0.9,5.4,1.8,8.1,1.8,2.7,0.9,5.4,6.3,5.4,0.9,0,3.6,5.4,8.1,FALSE
27,65,8,1599,3.5,8.6,2.1,5.7,1.4,2.9,1,1.4,1.4,5.2,6.6,1.7,0.9,0.5,0.9,2.7,10,FALSE
31,61,61,1921,7,14.7,2.3,5.7,4.7,9.1,4.3,4.9,0.7,4.9,5.7,10.6,2.2,0.1,2.8,2.7,20.7,TRUE
25,18,0,135,6.1,14.4,0.8,4,5.3,10.4,3.7,5.1,2.4,6.4,8.8,1.9,2.1,1.9,2.1,8.5,16.8,FALSE
22,31,0,462,5,15,2.1,6.7,2.9,8.3,0.4,0.6,0.2,3.5,3.7,4.3,1.1,0.3,2.3,4.1,12.5,FALSE
22,20,0,320,4.8,14.6,1.8,5.9,3,8.8,0.5,0.5,0.2,3.3,3.5,4.5,1.1,0.5,1.8,4.3,11.9,FALSE
22,11,0,142,5.3,16,2.8,8.6,2.5,7.4,0.3,1,0.3,4.1,4.3,3.8,1,0,3.3,3.5,13.7,FALSE
22,82,58,2412,6.4,13.6,0.6,2.2,5.8,11.4,2.2,3.1,1.3,4.4,5.8,7.9,1.3,0.6,2.7,2.6,15.6,TRUE
24,6,0,99,2.9,8,0.4,3.3,2.5,4.7,1.1,1.8,0,4.4,4.4,4.7,1.1,1.5,3.6,3.3,7.3,FALSE
39,25,7,277,3.6,9.1,1.9,5.6,1.7,3.5,1.3,1.7,0.1,6.1,6.2,1.3,0.5,0.6,2.1,5.2,10.5,FALSE
24,21,1,170,3.4,6.4,0,0,3.4,6.4,1.7,4,4.9,5.9,10.8,2.1,0.8,0.8,2.5,4.9,8.5,FALSE
26,81,64,2148,5.6,10.4,0,0.1,5.6,10.3,2.9,5,2.8,7.3,10.1,4.8,1.2,1.5,2.2,3.8,14.1,TRUE
26,54,54,1516,5.6,10.5,0,0.1,5.6,10.4,3,5.3,2.8,7.4,10.3,5.1,1.2,1.5,2.1,3.5,14.2,TRUE
26,27,10,632,5.6,10.3,0,0.1,5.6,10.3,2.7,4.3,2.8,7,9.9,4,1.1,1.7,2.6,4.4,14,TRUE
28,45,12,484,3.3,6.8,0,0,3.3,6.8,1.9,2.9,2.8,4.2,7.1,1.6,1.3,1,2.2,5.4,8.4,FALSE
28,32,12,310,3.5,7.9,0,0,3.5,7.9,2.6,4.1,2.7,3.5,6.2,2.1,1.3,1,2.6,5.6,9.5,FALSE
28,13,0,174,2.9,5,0,0,2.9,5,0.6,0.8,3.1,5.6,8.7,0.6,1.4,0.8,1.7,5.2,6.4,FALSE
21,54,4,626,3.9,6.6,0,0,3.9,6.6,1.8,3.3,4.5,5,9.5,0.7,1,1.2,1.7,6.5,9.5,FALSE
23,80,80,2605,5.7,11.1,2,4.7,3.7,6.4,1.4,1.6,1.6,5.5,7.1,1.7,1.6,0.6,0.6,2.7,14.9,TRUE
21,64,13,1000,6.6,13.5,1.2,3.5,5.4,10,1.4,2.1,2.7,8,10.7,1.3,0.6,0.4,1.3,3.4,15.7,FALSE
21,66,65,2164,7.4,16.4,1.9,5.2,5.5,11.2,3.3,4.2,1.8,6.1,7.9,1.6,0.8,2.1,2,4.1,19.9,TRUE
25,77,3,1333,5.2,10.2,0.6,2,4.7,8.2,2.9,3.8,2.5,5.8,8.3,1.3,1.6,1.1,0.9,3.6,13.9,TRUE
23,76,18,1368,6,13.3,1.5,4.6,4.5,8.8,3.3,4.2,0.7,3.8,4.4,2.2,1.4,0.4,1.8,3.3,16.7,FALSE
23,6,1,157,5.7,12.4,1.4,4.4,4.4,8,1.8,2.3,2.5,4.1,6.6,1.1,0.7,0.5,0.7,3.2,14.7,FALSE
33,14,0,134,1.1,6.4,0.8,4.6,0.3,1.9,0.8,1.1,0.8,2.1,3,4.8,3,0.3,0.8,3.8,3.8,FALSE
22,16,0,80,5.9,13.1,2.3,5.9,3.6,7.2,0,1.4,1.8,4.5,6.3,5,0.9,1.4,5,2.7,14,FALSE
23,26,0,299,4.8,11.8,1.9,5.7,2.9,6.1,4.9,5.2,0.7,3.1,3.9,4.1,1.1,0.2,2.3,4.7,16.5,FALSE
23,8,0,74,5.8,12.6,2.9,7.3,2.9,5.4,5.8,5.8,0,2.4,2.4,2.9,1.5,0.5,1.5,5.4,20.4,TRUE
23,18,0,225,4.5,11.5,1.6,5.1,2.9,6.4,4.6,5,1,3.4,4.3,4.5,1,0.2,2.6,4.5,15.2,FALSE
22,74,73,2132,6.4,13.1,0.3,1.1,6.1,12,3.4,4.8,2.5,8.2,10.7,4.5,0.8,0.6,2.9,4.2,16.5,TRUE
35,73,5,1786,8.7,19.4,0.4,1.9,8.3,17.5,2.8,3.9,3.7,8.4,12.1,2.5,0.8,0.2,2,2.7,20.7,TRUE
32,78,78,2198,6.5,14.6,3.3,7.7,3.2,6.9,2.9,3.3,0.2,2.6,2.8,1.8,0.9,0.2,1.6,2,19.2,FALSE
26,71,5,1031,5.7,10,0,0.1,5.6,9.8,1.7,3.1,4.5,7.1,11.6,0.9,0.6,1.6,1.1,4.8,13.1,TRUE
23,53,34,1614,4.5,11.4,1.7,5.1,2.8,6.4,1.3,1.7,0.8,3,3.7,3.1,1.3,0.9,1.4,2.9,12,FALSE
21,22,0,198,5.1,12.4,1.5,5.1,3.6,7.3,2.7,3.5,0.5,3.6,4.2,2,0.9,0.2,1.5,4.2,14.4,FALSE
24,74,29,2054,5.7,12.8,1.9,5.2,3.7,7.6,2.3,3.3,0.4,2.5,2.8,3.6,0.8,0.2,2,3.3,15.6,FALSE
25,79,79,2376,3.3,7,0.7,2.8,2.6,4.2,0.7,1.7,1.5,4.6,6.1,1.2,1.4,1.2,0.8,3.1,7.9,FALSE
31,41,2,416,4,10.6,1.5,3.8,2.5,6.8,2.9,3.4,0.4,2.9,3.4,4.5,0.8,0.1,2.3,1.6,12.3,FALSE
23,69,27,1427,4,8.5,1.2,3.2,2.7,5.4,1.4,1.9,1.4,4.8,6.2,1.2,1,0.5,0.9,1.6,10.6,FALSE
25,48,1,560,6.8,12.6,0,0.1,6.8,12.5,2,4.2,5.4,8.9,14.3,2,1.7,0.6,3,4.9,15.5,TRUE
30,68,30,1518,5,12.7,2.2,6,2.8,6.7,0.4,0.6,0.5,3.2,3.7,8.2,1.2,0.1,3,2.3,12.6,FALSE
30,69,42,1843,4.5,11,1,2.6,3.5,8.4,0.6,1,1.4,5.5,6.9,9,1.9,0.2,3.3,2.8,10.5,FALSE
28,64,64,2082,8,16.9,0.2,1,7.7,15.9,3.8,4.4,1.1,3.1,4.3,4.9,0.8,0.3,2.5,1.5,20,TRUE
25,78,24,1955,6,13.7,2.6,7.2,3.4,6.5,1.2,1.4,0.3,3.5,3.8,1.6,1.6,0.6,1.3,2.6,15.8,FALSE
25,54,0,1207,6.3,14.3,2.9,7.6,3.4,6.7,1.2,1.5,0.4,3.7,4.1,1.3,1.6,0.6,1,2.4,16.7,FALSE
25,24,24,748,5.5,12.9,2.2,6.5,3.3,6.4,1.1,1.3,0.2,3.1,3.3,2.1,1.6,0.6,1.7,2.9,14.4,FALSE
22,74,0,1263,4.3,11.7,1.6,5.1,2.7,6.6,1.5,1.9,1.1,5.3,6.5,3.7,1.3,0.3,1.3,2,11.7,FALSE
26,75,75,2469,3.8,9.5,0.9,2.9,2.9,6.6,3.7,4.2,1,3.5,4.4,9.9,1.9,0.1,2.8,2.9,12.2,TRUE
30,45,0,314,3.6,10.1,2.3,7.3,1.3,2.8,0,0,0.6,2.3,2.9,2.3,1.4,0.1,1,3.6,9.4,FALSE
31,47,33,1030,2.4,6.5,1.5,4,0.9,2.6,0.5,0.6,0.6,2.9,3.5,1.6,0.8,0.8,1,1.5,6.9,FALSE
20,63,60,1811,7,17.2,2.7,7.6,4.3,9.6,2.9,3.7,0.6,3.8,4.4,6,1.7,0.3,3.5,2.6,19.6,TRUE
20,81,66,1632,4.2,10.6,1.1,3.5,3.1,7.1,1,1.5,1,5.3,6.4,1.8,0.9,0.7,1.8,4.4,10.6,FALSE
28,5,0,13,2.8,11.1,0,0,2.8,11.1,5.5,5.5,8.3,2.8,11.1,0,2.8,2.8,5.5,13.8,11.1,FALSE
22,81,36,2129,6.4,15.7,1.8,5.8,4.7,9.9,2.9,3.7,1.9,6.8,8.7,3.1,1,0.5,3.1,2.7,17.6,FALSE
25,57,3,719,3.1,7.4,0.5,1.9,2.6,5.5,1.2,1.7,1.3,2.9,4.2,4.6,1.3,0.3,1.9,3,7.7,FALSE
23,79,78,2485,7.9,17.6,1.4,4.3,6.5,13.3,3.2,3.7,0.6,3,3.6,7.2,1.1,0.2,3.7,2.2,20.5,TRUE
36,36,1,461,5.5,11.8,1.3,3.9,4.2,7.9,2,2.9,4,6.9,10.9,2.9,1.1,0.3,2.7,4.9,14.4,FALSE
28,18,0,195,3.1,10.9,0.7,5,2.4,5.9,1.3,1.5,1.8,5,6.8,3.1,0.7,0.6,1.5,2.2,8.3,FALSE
32,62,42,1596,3.9,8.9,0.9,2.7,3,6.2,1.2,1.7,1.2,4.9,6.1,2.4,2.2,0.7,1.3,2.2,10,FALSE
22,14,5,236,3.8,8.8,1.1,4.3,2.7,4.6,2.1,3.4,0.2,2.3,2.4,2,0.9,0.2,1.8,2.7,10.8,FALSE
22,3,3,47,3.8,6.1,3.1,5.4,0.8,0.8,1.5,3.1,0,3.8,3.8,0.8,1.5,0,2.3,4.6,12.3,FALSE
22,11,2,189,3.8,9.5,0.6,4,3.2,5.5,2.3,3.4,0.2,1.9,2.1,2.3,0.8,0.2,1.7,2.3,10.5,FALSE
27,49,3,559,7,12.8,0,0.1,7,12.6,0.9,1.4,2.6,6.5,9.1,1.5,0.5,1.3,1.9,4.3,14.9,FALSE
30,50,1,811,4.4,11.7,0.9,2.8,3.5,8.9,4,5.2,0.5,2.8,3.2,5.7,1.2,0.1,2,1.9,13.8,FALSE
26,76,31,1937,3.7,9.1,1.7,4.9,2,4.2,1.3,1.7,0.7,3.3,4.1,2,1.2,0.5,1.4,2.8,10.5,FALSE
22,55,38,859,4.3,8.6,0,0.3,4.3,8.3,0.9,1.3,2.7,5.1,7.8,0.7,1.1,1.9,1.4,4.6,9.6,FALSE
27,78,8,1392,4.6,10.9,0.8,2.6,3.8,8.2,2.6,3.4,0.5,3.6,4.1,3.3,1.2,0.6,2,3.8,12.5,FALSE
28,32,2,385,3.2,7.8,0.7,3.5,2.5,4.3,1.2,1.6,0.7,3.7,4.5,0.8,0.7,0.5,1,2.7,8.2,FALSE
22,79,24,2399,4,11.2,1.4,5,2.6,6.3,3,3.8,1.2,3.4,4.6,5.5,1.9,0.5,2.4,2.9,12.5,FALSE
28,81,32,1955,6.1,13.8,0.5,1.9,5.5,11.9,1.3,1.9,0.4,3.9,4.3,7.7,1.1,0.6,2.1,2.3,14,FALSE
31,41,35,1187,3.7,10.8,2.9,8.2,0.8,2.6,0.3,0.5,0.5,2.9,3.4,1.9,1.2,0.3,0.8,2.3,10.6,FALSE
30,74,3,1068,5.9,11.1,1.2,2.6,4.6,8.5,1.2,1.7,2.2,6.5,8.7,1.2,0.7,1.8,2,5.7,14.2,FALSE
25,80,80,2336,3.8,8.3,2.2,5.5,1.6,2.9,0.7,0.9,0.3,3.5,3.8,1.5,0.8,0.2,0.8,1.9,10.5,FALSE
29,82,2,1286,6.8,15.3,2.9,7.8,3.9,7.6,3.4,3.8,2.5,8,10.4,1.8,0.6,1.1,1.9,6.4,19.9,TRUE
32,8,0,76,6.6,14.7,0.9,2.8,5.7,11.8,4.3,5.2,3.8,6.6,10.4,1.9,0.5,0.5,2.8,3.8,18.5,FALSE
23,80,27,2188,4.1,10.4,2.2,5.9,2,4.5,2,2.5,0.3,3.4,3.7,3.1,0.7,0.5,2.1,2.4,12.4,FALSE
26,18,0,361,5.4,12,0.6,2,4.8,10,0.8,1.3,0.4,4.8,5.2,5.9,0.5,0.3,2.6,3.2,12.2,FALSE
26,6,0,162,5.8,12.2,0.2,2.2,5.6,10,1.1,1.8,0.7,3.3,4,6.4,0.4,0.2,2.4,4,12.9,FALSE
26,6,0,67,5.4,11.3,0,1.1,5.4,10.2,0.5,1.1,0,5.4,5.4,2.7,0,0,2.1,1.1,11.3,FALSE
26,6,0,132,4.9,12,1.4,2.2,3.5,9.8,0.5,0.8,0.3,6.3,6.5,6.8,0.8,0.5,3,3.3,11.7,FALSE
23,2,0,7,5.1,5.1,0,0,5.1,5.1,5.1,10.3,5.1,5.1,10.3,10.3,5.1,0,0,15.4,15.4,TRUE
19,7,0,24,4.5,19.5,0,0,4.5,19.5,6,6,1.5,7.5,9,0,0,1.5,3,7.5,15,FALSE
30,39,0,696,4.7,12.6,1,3.1,3.7,9.5,4.1,5.5,0.3,4,4.3,4.3,0.8,0,2.7,2.3,14.5,FALSE
24,11,1,118,4.6,14.3,0.9,5.5,3.7,8.8,1.2,2.4,3.1,5.2,8.2,0.9,1.2,0.3,1.2,5.2,11.3,FALSE
24,2,0,28,5.1,6.4,0,0,5.1,6.4,0,3.9,5.1,9,14.1,1.3,0,7.7,2.6,3.9,10.3,TRUE
24,1,0,4,9,9,0,0,9,9,0,18,0,9,9,0,0,0,0,0,18,FALSE
24,1,0,24,4.5,6,0,0,4.5,6,0,1.5,6,9,15,1.5,0,9,3,4.5,9,TRUE
22,4,0,52,0.7,4.8,0,1.4,0.7,3.5,0.7,1.4,0.7,1.4,2.1,2.1,0.7,0.7,0,4.2,2.1,FALSE
28,82,82,2657,5.4,12.3,1.2,3.4,4.2,8.9,4.9,5.6,0.4,4,4.5,8.7,1.4,0.4,2.9,2.2,17,TRUE
31,70,2,1133,5,13.3,3.3,9.7,1.7,3.6,1.1,1.4,0.3,4.8,5.1,1.5,0.4,0.4,1.2,3.5,14.3,FALSE
30,65,21,1728,3.8,9,1.7,4.6,2.1,4.4,1.2,1.5,0.7,3.2,3.8,3.5,1.7,0.6,1.6,2.9,10.5,FALSE
39,74,0,1365,2.8,6.4,1.9,4.5,0.8,1.9,0.6,0.8,0.4,2.4,2.8,2.6,1.2,0.5,0.9,2.5,8.1,FALSE
27,76,76,2569,9.6,20.6,3.4,9.1,6.1,11.6,8.3,9.1,0.6,2.3,2.9,6.3,1,0.2,2.9,2.3,30.8,TRUE
28,46,15,968,3.6,9.1,1.4,3.2,2.2,5.9,1.6,1.9,1.2,4.1,5.3,1.3,0.8,0.2,0.9,3.2,10.2,FALSE
25,40,9,752,3.7,9.6,1.5,4.5,2.2,5,0.9,1.4,0.9,4.5,5.4,1.7,1,0.3,0.5,3.3,9.8,FALSE
25,31,1,561,4.2,10.2,1.7,4.6,2.6,5.6,0.8,1.3,1,4.4,5.4,1.7,0.9,0.4,0.6,3.5,11,FALSE
25,9,8,191,2.1,7.7,1.1,4.5,0.9,3.2,1.1,1.7,0.8,4.5,5.3,1.7,1.1,0,0.4,2.6,6.4,FALSE
26,78,78,2649,8.8,18.7,3.6,8.8,5.1,9.9,2.5,3,0.7,3.2,3.9,2.2,0.9,0.5,1.7,1.9,23.7,TRUE
25,78,78,2336,4,6.7,0,0,4,6.7,1.6,3.3,4.4,6.6,11,1.2,0.6,1.3,1,2.7,9.7,TRUE
29,33,1,575,5.3,13.1,1.8,5,3.5,8.1,1.4,1.7,1.4,3.4,4.8,2.6,1.2,0.2,1.6,3,13.7,FALSE
22,2,0,25,1.4,5.8,0,0,1.4,5.8,0,0,2.9,1.4,4.3,1.4,0,0,1.4,2.9,2.9,FALSE
31,65,9,1477,3.8,8.6,2.2,5.6,1.6,2.9,1.5,2,1.2,4.5,5.8,1.9,0.8,0.5,1.4,2.7,11.2,FALSE
24,4,0,47,3.8,6.9,0.8,3.1,3.1,3.8,0,0,0,0.8,0.8,0,0.8,0.8,0,4.6,8.4,FALSE
24,2,0,6,0,6,0,6,0,0,0,0,0,0,0,0,0,0,0,6,0,FALSE
24,2,0,41,4.4,7,0.9,2.6,3.5,4.4,0,0,0,0.9,0.9,0,0.9,0.9,0,4.4,9.7,FALSE
21,82,82,3030,9.5,17.6,1.2,3.3,8.3,14.3,4.2,5.1,3.5,8.4,12,2.6,0.7,1.2,2.5,2.9,24.5,TRUE
31,81,21,2236,3.2,7.8,1.1,3.2,2.1,4.6,1.2,1.5,1.9,5.7,7.6,1.6,1.9,0.3,1.1,3.2,8.7,FALSE
31,57,17,1627,3.3,7.8,1,3,2.2,4.8,1.3,1.7,2.1,5.5,7.6,1.6,1.9,0.3,1.2,3.2,8.9,FALSE
31,24,4,609,3.1,7.6,1.4,3.5,1.7,4,0.7,0.9,1.4,6.3,7.6,1.5,1.8,0.3,0.8,3.1,8.2,FALSE
28,65,12,1658,5.1,12,0.7,2.6,4.4,9.4,1.8,2.2,0.8,4.6,5.4,4.5,1.2,0.5,2.2,2.6,12.7,FALSE
20,81,81,2541,6.3,12.3,0.6,1.6,5.7,10.7,3.5,4.3,2,6.4,8.3,1.5,1,2.4,1.5,3.7,16.6,TRUE
34,39,0,560,5.9,12.7,0.7,2.1,5.2,10.6,2.1,2.2,0.4,3.3,3.7,8.4,0.8,0,2.3,1.9,14.6,TRUE
21,61,15,1123,5.9,14,0.7,2.5,5.2,11.5,1.8,2.3,0.6,2.4,3,7.2,1.5,0.2,2.5,2.3,14.2,FALSE
23,9,0,115,5,11.9,0.9,2.8,4.1,9.1,1.6,2.2,2.5,4.4,6.9,2.8,0.6,1.3,0.9,2.5,12.5,FALSE
24,80,80,2066,6.8,12.2,0,0,6.8,12.2,3.1,3.8,3.9,9.3,13.2,1,0.6,1.1,1.8,3.8,16.7,TRUE
23,57,0,976,3.8,10.6,2.7,7.7,1.1,3,0.5,0.7,0.4,5.2,5.6,2.3,1.1,0.3,1.8,3.2,10.7,FALSE
22,37,0,294,4.8,13.6,1.3,3.6,3.4,10,2.2,2.7,0.5,4.7,5.1,4.3,2,0.4,1.8,4.4,13.1,FALSE
34,14,1,92,2,5.5,0,0,2,5.5,3.1,4.3,4.7,5.9,10.6,3.9,1.2,1.2,3.1,6.3,7,FALSE
30,3,0,39,1.8,7.4,0.9,2.8,0.9,4.6,1.8,2.8,0,1.8,1.8,4.6,0.9,0.9,0.9,5.5,6.5,FALSE
20,41,2,458,4.5,12.3,2,6.4,2.4,5.9,0.2,0.4,0.3,3.5,3.9,1.8,1.5,0.8,1.1,2.5,11.2,FALSE
21,74,41,1265,3.7,7.7,0.2,0.6,3.5,7.1,1.7,2.7,3.7,7.3,11,0.9,0.9,0.8,1.8,4.4,9.3,FALSE
26,75,55,2163,8,17.2,0.4,1.2,7.7,15.9,1.8,2.7,2.9,10,13,3.5,1.3,1.2,1.9,3,18.2,TRUE
32,42,4,408,3.7,12,2,6.5,1.7,5.5,1.5,2.1,1.1,4.1,5.2,4.6,1.1,0.2,1.4,3.4,10.9,FALSE
35,60,59,1792,8.3,19.2,0.9,2.9,7.4,16.3,4.5,5.6,1.3,4.2,5.4,4.6,1.7,0.8,2.8,2.3,22,TRUE
25,46,43,1384,7.3,17.2,2.2,5.6,5.1,11.7,2.1,3.3,0.5,3.5,4,5.2,1.1,0.5,2.7,2.5,19,FALSE
26,79,79,2739,8.5,19,3.2,7.9,5.3,11.1,4,4.7,0.6,3.5,4,5.7,1.1,0.3,2.2,1.6,24.1,TRUE
26,78,78,2836,8.2,18.2,1.1,3.5,7.1,14.8,5.4,6.7,0.7,3.4,4.1,10.5,2,0.6,4.1,1.9,22.9,TRUE
22,59,10,981,4.2,10.5,1.2,3.7,3,6.7,2.7,3.4,0.9,4.8,5.8,2,1.6,1,2.2,3.5,12.3,FALSE
23,66,59,2048,7.1,14.3,0.5,1.7,6.6,12.6,2.1,2.7,2.2,3.8,6,1.3,1.3,0.7,1,3.1,16.7,TRUE
32,62,9,1012,3.4,8.8,1.1,3.7,2.3,5.1,2,2.3,0.6,2.6,3.2,4.1,1.5,0.1,1.7,3,10,FALSE
24,20,0,205,4.4,10.5,0.2,1.8,4.2,8.8,1.9,2.8,1.4,3.2,4.6,3.7,2.1,0.2,1.4,2.8,10.9,FALSE
24,7,0,46,3.9,11,0,2.3,3.9,8.6,1.6,2.3,0,3.1,3.1,3.9,2.3,0.8,2.3,3.1,9.4,FALSE
24,13,0,159,4.5,10.4,0.2,1.6,4.3,8.8,2,2.9,1.8,3.2,5,3.6,2,0,1.1,2.7,11.3,FALSE
36,68,0,854,5.7,10.6,0.1,0.3,5.6,10.3,1.8,2.4,2,6.6,8.6,6.4,1.8,2,3.3,4.4,13.3,TRUE
28,81,81,2802,10.6,24.9,2.6,7.5,8,17.4,9.1,10.8,1.8,9.3,11.1,10.8,1.7,0.4,5.6,2.4,32.9,TRUE
24,35,0,471,2.5,6.6,0.9,2.6,1.6,4.1,1.5,1.7,1.9,4.4,6.3,1.6,0.8,0.8,1.4,4,7.5,FALSE
21,73,26,1643,4.5,11.1,1,3.3,3.5,7.9,2,2.5,0.7,3.3,4,4.2,0.9,0.8,3.1,3.8,11.9,FALSE
27,77,77,2513,7.8,13.9,0,0,7.8,13.9,3.2,5.1,4.2,11.4,15.6,0.8,0.8,2.3,2.2,3.2,18.8,TRUE
21,82,82,3048,8.4,18.5,1.2,3.4,7.2,15.1,4.9,6.4,1.2,2.7,3.9,2.2,1,0.4,2.2,2.2,22.8,TRUE
26,22,0,108,2.7,10.3,1,5,1.7,5.3,0.7,0.7,1.3,2.7,4,4,0.7,0.3,2,2.7,7,FALSE
24,47,0,708,7,13.6,0,0.1,7,13.5,3.6,5.7,4.8,10.1,14.8,1.2,1.4,1.6,1.9,6.4,17.6,TRUE
32,64,44,1657,5.7,13,1.8,5.1,3.9,8,2,2.4,0.3,2.9,3.2,7.8,0.7,0.2,3,3,15.2,FALSE
32,40,40,1171,6,13.9,1.9,5.6,4.1,8.4,2.1,2.6,0.4,2.7,3.1,8.4,0.8,0.1,3,3,16,FALSE
32,24,4,486,5,10.9,1.6,3.9,3.4,7,1.6,1.9,0.1,3.3,3.3,6.4,0.4,0.4,3,3.1,13.3,FALSE
25,50,11,804,4.8,10.9,1.3,4.3,3.5,6.6,2.6,4,0.9,5,5.8,1.3,0.6,0.3,1.3,2.7,13.6,FALSE
25,25,11,377,5.2,13.1,0.9,4.3,4.3,8.8,3,4.8,1.5,5.4,7,1.3,0.9,0.5,1.3,3.2,14.1,FALSE
25,25,0,427,4.6,9,1.8,4.4,2.8,4.6,2.3,3.3,0.3,4.6,4.8,1.2,0.4,0.2,1.2,2.3,13.2,FALSE
30,81,1,1994,7.7,18,2.9,8.1,4.8,10,7.3,8.3,0.5,3.2,3.6,4.3,1.4,0.4,2.9,1.7,25.7,TRUE
30,58,1,1403,8.4,18.8,3.1,8.1,5.2,10.7,7.8,8.8,0.4,3,3.4,4.7,1.7,0.3,3.1,1.7,27.7,TRUE
30,23,0,591,6.2,16.1,2.5,7.9,3.7,8.2,6,6.9,0.7,3.5,4.3,3.4,0.9,0.5,2.4,1.5,20.9,TRUE
30,76,76,2295,4.7,11,1.9,5.6,2.7,5.5,2.1,2.4,1.4,6.4,7.8,1.7,0.9,0.8,0.9,2.1,13.3,FALSE
30,6,0,79,3.6,10.5,2.3,5,1.4,5.5,2.7,3.2,0.9,1.8,2.7,1.8,1.4,0,0,0.9,12.3,FALSE
22,30,16,557,4.7,10.8,1.2,4,3.6,6.8,1.4,2.1,1,3.5,4.5,1.6,1.7,0.6,2.1,3.9,12,FALSE
22,24,13,418,4.4,10.6,0.9,3.5,3.5,7.1,1.3,2.2,0.5,3.4,3.9,1.6,2.1,0.8,2.2,3.6,10.9,FALSE
22,6,3,139,5.7,11.4,2.1,5.4,3.6,6,1.6,1.8,2.3,3.9,6.2,1.6,0.8,0.3,1.6,4.7,15,FALSE
24,14,0,44,3.3,11.5,3.3,10.6,0,0.8,0.8,1.6,3.3,4.9,8.2,1.6,2.5,0.8,4.1,3.3,10.6,FALSE
20,18,15,625,4.6,13,0.4,2,4.2,10.9,1.7,2.7,1.3,4.1,5.4,3.8,1.5,0.3,1.9,3,11.3,FALSE
26,51,1,432,4.6,8.6,0,0.1,4.6,8.5,3,4,4.3,5.7,10.1,0.6,1.3,2.7,1.2,4.3,12.2,TRUE
21,13,0,107,4,7.7,0,1.7,4,6.1,3.7,5,4.7,5,9.8,0.7,1,2,2.4,3.7,11.8,TRUE
37,25,2,160,4.3,15.3,2,8.6,2.3,6.8,2.3,3.6,1.1,3.4,4.5,2.5,2.3,0.5,1.6,4.1,12.8,FALSE
29,28,5,447,6.7,10.9,0,0.1,6.7,10.8,1.9,2.8,2.5,3.8,6.3,1.2,0.9,1.6,0.8,3.4,15.2,TRUE
24,27,0,446,4,9.4,0.8,2.4,3.1,6.9,3.4,4.4,1.3,2.6,3.9,4.6,2.2,0.9,2,2.5,12.1,FALSE
21,29,0,220,4.1,9.5,2,5.7,2.1,3.8,1,1.5,1,3.3,4.3,0.7,1.6,0.3,0.7,2.5,11.1,FALSE
24,33,0,135,6.9,19.2,1.3,6.1,5.6,13.1,2.9,4,0.3,4.3,4.5,4,1.1,0,1.3,1.3,18.1,FALSE
31,60,60,1556,6.3,14.6,3.9,9.7,2.4,4.9,1.8,2.1,0.6,2.6,3.2,1.3,0.9,0.3,0.8,3.2,18.3,FALSE
28,74,74,2237,5.8,11.1,0.7,1.9,5.1,9.2,0.7,1.4,2.1,5.1,7.2,2,1.8,0.5,1.5,2.2,13.1,FALSE
24,62,58,1725,5.3,9.2,0,0,5.3,9.2,2.8,4.1,2.8,5.6,8.5,2.1,1.3,1.2,1.4,3.9,13.3,TRUE
27,51,5,525,5.3,10.8,0,0.1,5.3,10.8,1.5,2.7,2.9,5.6,8.5,2.9,0.5,1.4,1.4,4.2,12.2,FALSE
20,19,0,108,3.3,10.3,0,0,3.3,10.3,1,1.7,3.7,8,11.7,1.3,0.7,1.7,1,5.7,7.7,FALSE
22,44,18,843,3.8,9.4,1.4,4.2,2.3,5.2,1.3,1.7,0.6,4.7,5.3,1.5,0.6,0.7,1.7,3.3,10.2,FALSE
19,38,11,609,7.4,14.1,0,0.2,7.4,13.9,1.9,2.9,2.4,7,9.4,1.8,0.8,2,1.8,3.9,16.8,TRUE
